<?xml version="1.0"?>
<annotation>
<folder>data</folder>
<filename>data1_34.png</filename>
<path/>
<source>
<database>Unknown</database>
</source>
<size>
<width>1392</width>
<height>1040</height>
<depth>3</depth>
</size>
<segmented>0</segmented>
<object>
<name>diatom</name>
<pose>Unspecified</pose>
<truncated>0</truncated>
<occluded>0</occluded>
<difficult>0</difficult>
<bndbox>
<xmin>1266</xmin>
<ymin>236</ymin>
<xmax>1287</xmax>
<ymax>247</ymax>
</bndbox>
</object>
<object>
<name>diatom</name>
<pose>Unspecified</pose>
<truncated>0</truncated>
<occluded>0</occluded>
<difficult>0</difficult>
<bndbox>
<xmin>1254</xmin>
<ymin>377</ymin>
<xmax>1273</xmax>
<ymax>393</ymax>
</bndbox>
</object>
<object>
<name>diatom</name>
<pose>Unspecified</pose>
<truncated>0</truncated>
<occluded>0</occluded>
<difficult>0</difficult>
<bndbox>
<xmin>1215</xmin>
<ymin>468</ymin>
<xmax>1237</xmax>
<ymax>483</ymax>
</bndbox>
</object>
<object>
<name>diatom</name>
<pose>Unspecified</pose>
<truncated>0</truncated>
<occluded>0</occluded>
<difficult>0</difficult>
<bndbox>
<xmin>1178</xmin>
<ymin>308</ymin>
<xmax>1200</xmax>
<ymax>325</ymax>
</bndbox>
</object>
<object>
<name>diatom</name>
<pose>Unspecified</pose>
<truncated>0</truncated>
<occluded>0</occluded>
<difficult>0</difficult>
<bndbox>
<xmin>1182</xmin>
<ymin>210</ymin>
<xmax>1195</xmax>
<ymax>232</ymax>
</bndbox>
</object>
<object>
<name>diatom</name>
<pose>Unspecified</pose>
<truncated>0</truncated>
<occluded>0</occluded>
<difficult>0</difficult>
<bndbox>
<xmin>1151</xmin>
<ymin>218</ymin>
<xmax>1174</xmax>
<ymax>234</ymax>
</bndbox>
</object>
<object>
<name>diatom</name>
<pose>Unspecified</pose>
<truncated>0</truncated>
<occluded>0</occluded>
<difficult>0</difficult>
<bndbox>
<xmin>1119</xmin>
<ymin>223</ymin>
<xmax>1140</xmax>
<ymax>236</ymax>
</bndbox>
</object>
<object>
<name>diatom</name>
<pose>Unspecified</pose>
<truncated>0</truncated>
<occluded>0</occluded>
<difficult>0</difficult>
<bndbox>
<xmin>1110</xmin>
<ymin>80</ymin>
<xmax>1127</xmax>
<ymax>97</ymax>
</bndbox>
</object>
<object>
<name>diatom</name>
<pose>Unspecified</pose>
<truncated>0</truncated>
<occluded>0</occluded>
<difficult>0</difficult>
<bndbox>
<xmin>1081</xmin>
<ymin>360</ymin>
<xmax>1106</xmax>
<ymax>370</ymax>
</bndbox>
</object>
<object>
<name>diatom</name>
<pose>Unspecified</pose>
<truncated>0</truncated>
<occluded>0</occluded>
<difficult>0</difficult>
<bndbox>
<xmin>1050</xmin>
<ymin>451</ymin>
<xmax>1074</xmax>
<ymax>460</ymax>
</bndbox>
</object>
<object>
<name>diatom</name>
<pose>Unspecified</pose>
<truncated>0</truncated>
<occluded>0</occluded>
<difficult>0</difficult>
<bndbox>
<xmin>1080</xmin>
<ymin>495</ymin>
<xmax>1087</xmax>
<ymax>518</ymax>
</bndbox>
</object>
<object>
<name>diatom</name>
<pose>Unspecified</pose>
<truncated>0</truncated>
<occluded>0</occluded>
<difficult>0</difficult>
<bndbox>
<xmin>1008</xmin>
<ymin>163</ymin>
<xmax>1025</xmax>
<ymax>183</ymax>
</bndbox>
</object>
<object>
<name>diatom</name>
<pose>Unspecified</pose>
<truncated>0</truncated>
<occluded>0</occluded>
<difficult>0</difficult>
<bndbox>
<xmin>1016</xmin>
<ymin>208</ymin>
<xmax>1038</xmax>
<ymax>217</ymax>
</bndbox>
</object>
<object>
<name>diatom</name>
<pose>Unspecified</pose>
<truncated>0</truncated>
<occluded>0</occluded>
<difficult>0</difficult>
<bndbox>
<xmin>1005</xmin>
<ymin>262</ymin>
<xmax>1019</xmax>
<ymax>284</ymax>
</bndbox>
</object>
<object>
<name>diatom</name>
<pose>Unspecified</pose>
<truncated>0</truncated>
<occluded>0</occluded>
<difficult>0</difficult>
<bndbox>
<xmin>877</xmin>
<ymin>169</ymin>
<xmax>897</xmax>
<ymax>187</ymax>
</bndbox>
</object>
<object>
<name>diatom</name>
<pose>Unspecified</pose>
<truncated>0</truncated>
<occluded>0</occluded>
<difficult>0</difficult>
<bndbox>
<xmin>877</xmin>
<ymin>338</ymin>
<xmax>894</xmax>
<ymax>361</ymax>
</bndbox>
</object>
<object>
<name>diatom</name>
<pose>Unspecified</pose>
<truncated>0</truncated>
<occluded>0</occluded>
<difficult>0</difficult>
<bndbox>
<xmin>851</xmin>
<ymin>367</ymin>
<xmax>871</xmax>
<ymax>384</ymax>
</bndbox>
</object>
<object>
<name>diatom</name>
<pose>Unspecified</pose>
<truncated>0</truncated>
<occluded>0</occluded>
<difficult>0</difficult>
<bndbox>
<xmin>779</xmin>
<ymin>155</ymin>
<xmax>800</xmax>
<ymax>173</ymax>
</bndbox>
</object>
<object>
<name>diatom</name>
<pose>Unspecified</pose>
<truncated>0</truncated>
<occluded>0</occluded>
<difficult>0</difficult>
<bndbox>
<xmin>754</xmin>
<ymin>78</ymin>
<xmax>763</xmax>
<ymax>103</ymax>
</bndbox>
</object>
<object>
<name>diatom</name>
<pose>Unspecified</pose>
<truncated>0</truncated>
<occluded>0</occluded>
<difficult>0</difficult>
<bndbox>
<xmin>720</xmin>
<ymin>167</ymin>
<xmax>729</xmax>
<ymax>192</ymax>
</bndbox>
</object>
<object>
<name>diatom</name>
<pose>Unspecified</pose>
<truncated>0</truncated>
<occluded>0</occluded>
<difficult>0</difficult>
<bndbox>
<xmin>846</xmin>
<ymin>518</ymin>
<xmax>869</xmax>
<ymax>535</ymax>
</bndbox>
</object>
<object>
<name>diatom</name>
<pose>Unspecified</pose>
<truncated>0</truncated>
<occluded>0</occluded>
<difficult>0</difficult>
<bndbox>
<xmin>836</xmin>
<ymin>597</ymin>
<xmax>858</xmax>
<ymax>612</ymax>
</bndbox>
</object>
<object>
<name>diatom</name>
<pose>Unspecified</pose>
<truncated>0</truncated>
<occluded>0</occluded>
<difficult>0</difficult>
<bndbox>
<xmin>762</xmin>
<ymin>660</ymin>
<xmax>771</xmax>
<ymax>687</ymax>
</bndbox>
</object>
<object>
<name>diatom</name>
<pose>Unspecified</pose>
<truncated>0</truncated>
<occluded>0</occluded>
<difficult>0</difficult>
<bndbox>
<xmin>723</xmin>
<ymin>355</ymin>
<xmax>741</xmax>
<ymax>378</ymax>
</bndbox>
</object>
<object>
<name>diatom</name>
<pose>Unspecified</pose>
<truncated>0</truncated>
<occluded>0</occluded>
<difficult>0</difficult>
<bndbox>
<xmin>605</xmin>
<ymin>154</ymin>
<xmax>630</xmax>
<ymax>171</ymax>
</bndbox>
</object>
<object>
<name>diatom</name>
<pose>Unspecified</pose>
<truncated>0</truncated>
<occluded>0</occluded>
<difficult>0</difficult>
<bndbox>
<xmin>591</xmin>
<ymin>340</ymin>
<xmax>617</xmax>
<ymax>355</ymax>
</bndbox>
</object>
<object>
<name>diatom</name>
<pose>Unspecified</pose>
<truncated>0</truncated>
<occluded>0</occluded>
<difficult>0</difficult>
<bndbox>
<xmin>587</xmin>
<ymin>272</ymin>
<xmax>597</xmax>
<ymax>296</ymax>
</bndbox>
</object>
<object>
<name>diatom</name>
<pose>Unspecified</pose>
<truncated>0</truncated>
<occluded>0</occluded>
<difficult>0</difficult>
<bndbox>
<xmin>384</xmin>
<ymin>60</ymin>
<xmax>400</xmax>
<ymax>74</ymax>
</bndbox>
</object>
<object>
<name>diatom</name>
<pose>Unspecified</pose>
<truncated>0</truncated>
<occluded>0</occluded>
<difficult>0</difficult>
<bndbox>
<xmin>338</xmin>
<ymin>73</ymin>
<xmax>348</xmax>
<ymax>97</ymax>
</bndbox>
</object>
<object>
<name>diatom</name>
<pose>Unspecified</pose>
<truncated>0</truncated>
<occluded>0</occluded>
<difficult>0</difficult>
<bndbox>
<xmin>312</xmin>
<ymin>128</ymin>
<xmax>320</xmax>
<ymax>155</ymax>
</bndbox>
</object>
<object>
<name>diatom</name>
<pose>Unspecified</pose>
<truncated>0</truncated>
<occluded>0</occluded>
<difficult>0</difficult>
<bndbox>
<xmin>231</xmin>
<ymin>146</ymin>
<xmax>256</xmax>
<ymax>157</ymax>
</bndbox>
</object>
<object>
<name>diatom</name>
<pose>Unspecified</pose>
<truncated>0</truncated>
<occluded>0</occluded>
<difficult>0</difficult>
<bndbox>
<xmin>198</xmin>
<ymin>172</ymin>
<xmax>211</xmax>
<ymax>192</ymax>
</bndbox>
</object>
<object>
<name>diatom</name>
<pose>Unspecified</pose>
<truncated>0</truncated>
<occluded>0</occluded>
<difficult>0</difficult>
<bndbox>
<xmin>152</xmin>
<ymin>195</ymin>
<xmax>165</xmax>
<ymax>216</ymax>
</bndbox>
</object>
<object>
<name>diatom</name>
<pose>Unspecified</pose>
<truncated>0</truncated>
<occluded>0</occluded>
<difficult>0</difficult>
<bndbox>
<xmin>322</xmin>
<ymin>252</ymin>
<xmax>346</xmax>
<ymax>261</ymax>
</bndbox>
</object>
<object>
<name>diatom</name>
<pose>Unspecified</pose>
<truncated>0</truncated>
<occluded>0</occluded>
<difficult>0</difficult>
<bndbox>
<xmin>322</xmin>
<ymin>312</ymin>
<xmax>343</xmax>
<ymax>331</ymax>
</bndbox>
</object>
<object>
<name>diatom</name>
<pose>Unspecified</pose>
<truncated>0</truncated>
<occluded>0</occluded>
<difficult>0</difficult>
<bndbox>
<xmin>584</xmin>
<ymin>594</ymin>
<xmax>598</xmax>
<ymax>617</ymax>
</bndbox>
</object>
<object>
<name>diatom</name>
<pose>Unspecified</pose>
<truncated>0</truncated>
<occluded>0</occluded>
<difficult>0</difficult>
<bndbox>
<xmin>544</xmin>
<ymin>538</ymin>
<xmax>551</xmax>
<ymax>561</ymax>
</bndbox>
</object>
<object>
<name>diatom</name>
<pose>Unspecified</pose>
<truncated>0</truncated>
<occluded>0</occluded>
<difficult>0</difficult>
<bndbox>
<xmin>532</xmin>
<ymin>499</ymin>
<xmax>551</xmax>
<ymax>514</ymax>
</bndbox>
</object>
<object>
<name>diatom</name>
<pose>Unspecified</pose>
<truncated>0</truncated>
<occluded>0</occluded>
<difficult>0</difficult>
<bndbox>
<xmin>388</xmin>
<ymin>484</ymin>
<xmax>401</xmax>
<ymax>508</ymax>
</bndbox>
</object>
<object>
<name>diatom</name>
<pose>Unspecified</pose>
<truncated>0</truncated>
<occluded>0</occluded>
<difficult>0</difficult>
<bndbox>
<xmin>307</xmin>
<ymin>468</ymin>
<xmax>320</xmax>
<ymax>489</ymax>
</bndbox>
</object>
<object>
<name>diatom</name>
<pose>Unspecified</pose>
<truncated>0</truncated>
<occluded>0</occluded>
<difficult>0</difficult>
<bndbox>
<xmin>114</xmin>
<ymin>454</ymin>
<xmax>126</xmax>
<ymax>477</ymax>
</bndbox>
</object>
<object>
<name>diatom</name>
<pose>Unspecified</pose>
<truncated>0</truncated>
<occluded>0</occluded>
<difficult>0</difficult>
<bndbox>
<xmin>94</xmin>
<ymin>492</ymin>
<xmax>104</xmax>
<ymax>500</ymax>
</bndbox>
</object>
<object>
<name>diatom</name>
<pose>Unspecified</pose>
<truncated>0</truncated>
<occluded>0</occluded>
<difficult>0</difficult>
<bndbox>
<xmin>174</xmin>
<ymin>495</ymin>
<xmax>195</xmax>
<ymax>503</ymax>
</bndbox>
</object>
<object>
<name>diatom</name>
<pose>Unspecified</pose>
<truncated>0</truncated>
<occluded>0</occluded>
<difficult>0</difficult>
<bndbox>
<xmin>1221</xmin>
<ymin>832</ymin>
<xmax>1242</xmax>
<ymax>844</ymax>
</bndbox>
</object>
<object>
<name>diatom</name>
<pose>Unspecified</pose>
<truncated>0</truncated>
<occluded>0</occluded>
<difficult>0</difficult>
<bndbox>
<xmin>1185</xmin>
<ymin>854</ymin>
<xmax>1202</xmax>
<ymax>874</ymax>
</bndbox>
</object>
<object>
<name>diatom</name>
<pose>Unspecified</pose>
<truncated>0</truncated>
<occluded>0</occluded>
<difficult>0</difficult>
<bndbox>
<xmin>1152</xmin>
<ymin>864</ymin>
<xmax>1175</xmax>
<ymax>878</ymax>
</bndbox>
</object>
<object>
<name>diatom</name>
<pose>Unspecified</pose>
<truncated>0</truncated>
<occluded>0</occluded>
<difficult>0</difficult>
<bndbox>
<xmin>1193</xmin>
<ymin>916</ymin>
<xmax>1202</xmax>
<ymax>939</ymax>
</bndbox>
</object>
<object>
<name>diatom</name>
<pose>Unspecified</pose>
<truncated>0</truncated>
<occluded>0</occluded>
<difficult>0</difficult>
<bndbox>
<xmin>1160</xmin>
<ymin>898</ymin>
<xmax>1178</xmax>
<ymax>918</ymax>
</bndbox>
</object>
<object>
<name>diatom</name>
<pose>Unspecified</pose>
<truncated>0</truncated>
<occluded>0</occluded>
<difficult>0</difficult>
<bndbox>
<xmin>1100</xmin>
<ymin>945</ymin>
<xmax>1110</xmax>
<ymax>961</ymax>
</bndbox>
</object>
<object>
<name>diatom</name>
<pose>Unspecified</pose>
<truncated>0</truncated>
<occluded>0</occluded>
<difficult>0</difficult>
<bndbox>
<xmin>898</xmin>
<ymin>923</ymin>
<xmax>904</xmax>
<ymax>949</ymax>
</bndbox>
</object>
<object>
<name>diatom</name>
<pose>Unspecified</pose>
<truncated>0</truncated>
<occluded>0</occluded>
<difficult>0</difficult>
<bndbox>
<xmin>849</xmin>
<ymin>883</ymin>
<xmax>859</xmax>
<ymax>906</ymax>
</bndbox>
</object>
<object>
<name>diatom</name>
<pose>Unspecified</pose>
<truncated>0</truncated>
<occluded>0</occluded>
<difficult>0</difficult>
<bndbox>
<xmin>838</xmin>
<ymin>762</ymin>
<xmax>845</xmax>
<ymax>784</ymax>
</bndbox>
</object>
<object>
<name>diatom</name>
<pose>Unspecified</pose>
<truncated>0</truncated>
<occluded>0</occluded>
<difficult>0</difficult>
<bndbox>
<xmin>833</xmin>
<ymin>763</ymin>
<xmax>842</xmax>
<ymax>784</ymax>
</bndbox>
</object>
<object>
<name>diatom</name>
<pose>Unspecified</pose>
<truncated>0</truncated>
<occluded>0</occluded>
<difficult>0</difficult>
<bndbox>
<xmin>765</xmin>
<ymin>881</ymin>
<xmax>789</xmax>
<ymax>898</ymax>
</bndbox>
</object>
<object>
<name>diatom</name>
<pose>Unspecified</pose>
<truncated>0</truncated>
<occluded>0</occluded>
<difficult>0</difficult>
<bndbox>
<xmin>592</xmin>
<ymin>752</ymin>
<xmax>603</xmax>
<ymax>776</ymax>
</bndbox>
</object>
<object>
<name>diatom</name>
<pose>Unspecified</pose>
<truncated>0</truncated>
<occluded>0</occluded>
<difficult>0</difficult>
<bndbox>
<xmin>501</xmin>
<ymin>719</ymin>
<xmax>516</xmax>
<ymax>744</ymax>
</bndbox>
</object>
<object>
<name>diatom</name>
<pose>Unspecified</pose>
<truncated>0</truncated>
<occluded>0</occluded>
<difficult>0</difficult>
<bndbox>
<xmin>566</xmin>
<ymin>861</ymin>
<xmax>575</xmax>
<ymax>885</ymax>
</bndbox>
</object>
<object>
<name>diatom</name>
<pose>Unspecified</pose>
<truncated>0</truncated>
<occluded>0</occluded>
<difficult>0</difficult>
<bndbox>
<xmin>563</xmin>
<ymin>905</ymin>
<xmax>586</xmax>
<ymax>914</ymax>
</bndbox>
</object>
<object>
<name>diatom</name>
<pose>Unspecified</pose>
<truncated>0</truncated>
<occluded>0</occluded>
<difficult>0</difficult>
<bndbox>
<xmin>482</xmin>
<ymin>870</ymin>
<xmax>506</xmax>
<ymax>880</ymax>
</bndbox>
</object>
<object>
<name>diatom</name>
<pose>Unspecified</pose>
<truncated>0</truncated>
<occluded>0</occluded>
<difficult>0</difficult>
<bndbox>
<xmin>239</xmin>
<ymin>597</ymin>
<xmax>245</xmax>
<ymax>622</ymax>
</bndbox>
</object>
<object>
<name>diatom</name>
<pose>Unspecified</pose>
<truncated>0</truncated>
<occluded>0</occluded>
<difficult>0</difficult>
<bndbox>
<xmin>166</xmin>
<ymin>647</ymin>
<xmax>178</xmax>
<ymax>670</ymax>
</bndbox>
</object>
<object>
<name>diatom</name>
<pose>Unspecified</pose>
<truncated>0</truncated>
<occluded>0</occluded>
<difficult>0</difficult>
<bndbox>
<xmin>128</xmin>
<ymin>705</ymin>
<xmax>134</xmax>
<ymax>727</ymax>
</bndbox>
</object>
<object>
<name>diatom</name>
<pose>Unspecified</pose>
<truncated>0</truncated>
<occluded>0</occluded>
<difficult>0</difficult>
<bndbox>
<xmin>351</xmin>
<ymin>855</ymin>
<xmax>374</xmax>
<ymax>862</ymax>
</bndbox>
</object>
<object>
<name>diatom</name>
<pose>Unspecified</pose>
<truncated>0</truncated>
<occluded>0</occluded>
<difficult>0</difficult>
<bndbox>
<xmin>297</xmin>
<ymin>846</ymin>
<xmax>322</xmax>
<ymax>853</ymax>
</bndbox>
</object>
<object>
<name>diatom</name>
<pose>Unspecified</pose>
<truncated>0</truncated>
<occluded>0</occluded>
<difficult>0</difficult>
<bndbox>
<xmin>180</xmin>
<ymin>750</ymin>
<xmax>188</xmax>
<ymax>772</ymax>
</bndbox>
</object>
<object>
<name>diatom</name>
<pose>Unspecified</pose>
<truncated>0</truncated>
<occluded>0</occluded>
<difficult>0</difficult>
<bndbox>
<xmin>205</xmin>
<ymin>794</ymin>
<xmax>229</xmax>
<ymax>809</ymax>
</bndbox>
</object>
<object>
<name>diatom</name>
<pose>Unspecified</pose>
<truncated>0</truncated>
<occluded>0</occluded>
<difficult>0</difficult>
<bndbox>
<xmin>193</xmin>
<ymin>850</ymin>
<xmax>205</xmax>
<ymax>875</ymax>
</bndbox>
</object>
<object>
<name>diatom</name>
<pose>Unspecified</pose>
<truncated>0</truncated>
<occluded>0</occluded>
<difficult>0</difficult>
<bndbox>
<xmin>125</xmin>
<ymin>847</ymin>
<xmax>141</xmax>
<ymax>866</ymax>
</bndbox>
</object>
</annotation>