<?xml version="1.0"?>
<annotation>
<folder>data</folder>
<filename>data1_41.png</filename>
<path/>
<source>
<database>Unknown</database>
</source>
<size>
<width>1392</width>
<height>1040</height>
<depth>3</depth>
</size>
<segmented>0</segmented>
<object>
<name>diatom</name>
<pose>Unspecified</pose>
<truncated>0</truncated>
<occluded>0</occluded>
<difficult>0</difficult>
<bndbox>
<xmin>1268</xmin>
<ymin>238</ymin>
<xmax>1288</xmax>
<ymax>252</ymax>
</bndbox>
</object>
<object>
<name>diatom</name>
<pose>Unspecified</pose>
<truncated>0</truncated>
<occluded>0</occluded>
<difficult>0</difficult>
<bndbox>
<xmin>1136</xmin>
<ymin>65</ymin>
<xmax>1160</xmax>
<ymax>74</ymax>
</bndbox>
</object>
<object>
<name>diatom</name>
<pose>Unspecified</pose>
<truncated>0</truncated>
<occluded>0</occluded>
<difficult>0</difficult>
<bndbox>
<xmin>1182</xmin>
<ymin>209</ymin>
<xmax>1194</xmax>
<ymax>232</ymax>
</bndbox>
</object>
<object>
<name>diatom</name>
<pose>Unspecified</pose>
<truncated>0</truncated>
<occluded>0</occluded>
<difficult>0</difficult>
<bndbox>
<xmin>1150</xmin>
<ymin>221</ymin>
<xmax>1171</xmax>
<ymax>234</ymax>
</bndbox>
</object>
<object>
<name>diatom</name>
<pose>Unspecified</pose>
<truncated>0</truncated>
<occluded>0</occluded>
<difficult>0</difficult>
<bndbox>
<xmin>1009</xmin>
<ymin>162</ymin>
<xmax>1024</xmax>
<ymax>183</ymax>
</bndbox>
</object>
<object>
<name>diatom</name>
<pose>Unspecified</pose>
<truncated>0</truncated>
<occluded>0</occluded>
<difficult>0</difficult>
<bndbox>
<xmin>1178</xmin>
<ymin>310</ymin>
<xmax>1198</xmax>
<ymax>325</ymax>
</bndbox>
</object>
<object>
<name>diatom</name>
<pose>Unspecified</pose>
<truncated>0</truncated>
<occluded>0</occluded>
<difficult>0</difficult>
<bndbox>
<xmin>1095</xmin>
<ymin>246</ymin>
<xmax>1109</xmax>
<ymax>267</ymax>
</bndbox>
</object>
<object>
<name>diatom</name>
<pose>Unspecified</pose>
<truncated>0</truncated>
<occluded>0</occluded>
<difficult>0</difficult>
<bndbox>
<xmin>1007</xmin>
<ymin>262</ymin>
<xmax>1018</xmax>
<ymax>283</ymax>
</bndbox>
</object>
<object>
<name>diatom</name>
<pose>Unspecified</pose>
<truncated>0</truncated>
<occluded>0</occluded>
<difficult>0</difficult>
<bndbox>
<xmin>943</xmin>
<ymin>234</ymin>
<xmax>963</xmax>
<ymax>243</ymax>
</bndbox>
</object>
<object>
<name>diatom</name>
<pose>Unspecified</pose>
<truncated>0</truncated>
<occluded>0</occluded>
<difficult>0</difficult>
<bndbox>
<xmin>1254</xmin>
<ymin>378</ymin>
<xmax>1272</xmax>
<ymax>393</ymax>
</bndbox>
</object>
<object>
<name>diatom</name>
<pose>Unspecified</pose>
<truncated>0</truncated>
<occluded>0</occluded>
<difficult>0</difficult>
<bndbox>
<xmin>1081</xmin>
<ymin>361</ymin>
<xmax>1104</xmax>
<ymax>369</ymax>
</bndbox>
</object>
<object>
<name>diatom</name>
<pose>Unspecified</pose>
<truncated>0</truncated>
<occluded>0</occluded>
<difficult>0</difficult>
<bndbox>
<xmin>877</xmin>
<ymin>338</ymin>
<xmax>893</xmax>
<ymax>361</ymax>
</bndbox>
</object>
<object>
<name>diatom</name>
<pose>Unspecified</pose>
<truncated>0</truncated>
<occluded>0</occluded>
<difficult>0</difficult>
<bndbox>
<xmin>1214</xmin>
<ymin>468</ymin>
<xmax>1236</xmax>
<ymax>483</ymax>
</bndbox>
</object>
<object>
<name>diatom</name>
<pose>Unspecified</pose>
<truncated>0</truncated>
<occluded>0</occluded>
<difficult>0</difficult>
<bndbox>
<xmin>1022</xmin>
<ymin>454</ymin>
<xmax>1041</xmax>
<ymax>470</ymax>
</bndbox>
</object>
<object>
<name>diatom</name>
<pose>Unspecified</pose>
<truncated>0</truncated>
<occluded>0</occluded>
<difficult>0</difficult>
<bndbox>
<xmin>1080</xmin>
<ymin>498</ymin>
<xmax>1086</xmax>
<ymax>524</ymax>
</bndbox>
</object>
<object>
<name>diatom</name>
<pose>Unspecified</pose>
<truncated>0</truncated>
<occluded>0</occluded>
<difficult>0</difficult>
<bndbox>
<xmin>873</xmin>
<ymin>395</ymin>
<xmax>881</xmax>
<ymax>417</ymax>
</bndbox>
</object>
<object>
<name>diatom</name>
<pose>Unspecified</pose>
<truncated>0</truncated>
<occluded>0</occluded>
<difficult>0</difficult>
<bndbox>
<xmin>846</xmin>
<ymin>519</ymin>
<xmax>869</xmax>
<ymax>534</ymax>
</bndbox>
</object>
<object>
<name>diatom</name>
<pose>Unspecified</pose>
<truncated>0</truncated>
<occluded>0</occluded>
<difficult>0</difficult>
<bndbox>
<xmin>853</xmin>
<ymin>608</ymin>
<xmax>873</xmax>
<ymax>623</ymax>
</bndbox>
</object>
<object>
<name>diatom</name>
<pose>Unspecified</pose>
<truncated>0</truncated>
<occluded>0</occluded>
<difficult>0</difficult>
<bndbox>
<xmin>1191</xmin>
<ymin>858</ymin>
<xmax>1204</xmax>
<ymax>876</ymax>
</bndbox>
</object>
<object>
<name>diatom</name>
<pose>Unspecified</pose>
<truncated>0</truncated>
<occluded>0</occluded>
<difficult>0</difficult>
<bndbox>
<xmin>1185</xmin>
<ymin>858</ymin>
<xmax>1196</xmax>
<ymax>873</ymax>
</bndbox>
</object>
<object>
<name>diatom</name>
<pose>Unspecified</pose>
<truncated>0</truncated>
<occluded>0</occluded>
<difficult>0</difficult>
<bndbox>
<xmin>1152</xmin>
<ymin>864</ymin>
<xmax>1174</xmax>
<ymax>877</ymax>
</bndbox>
</object>
<object>
<name>diatom</name>
<pose>Unspecified</pose>
<truncated>0</truncated>
<occluded>0</occluded>
<difficult>0</difficult>
<bndbox>
<xmin>1161</xmin>
<ymin>898</ymin>
<xmax>1176</xmax>
<ymax>918</ymax>
</bndbox>
</object>
<object>
<name>diatom</name>
<pose>Unspecified</pose>
<truncated>0</truncated>
<occluded>0</occluded>
<difficult>0</difficult>
<bndbox>
<xmin>1196</xmin>
<ymin>936</ymin>
<xmax>1217</xmax>
<ymax>954</ymax>
</bndbox>
</object>
<object>
<name>diatom</name>
<pose>Unspecified</pose>
<truncated>0</truncated>
<occluded>0</occluded>
<difficult>0</difficult>
<bndbox>
<xmin>894</xmin>
<ymin>955</ymin>
<xmax>902</xmax>
<ymax>961</ymax>
</bndbox>
</object>
<object>
<name>diatom</name>
<pose>Unspecified</pose>
<truncated>0</truncated>
<occluded>0</occluded>
<difficult>0</difficult>
<bndbox>
<xmin>847</xmin>
<ymin>846</ymin>
<xmax>860</xmax>
<ymax>868</ymax>
</bndbox>
</object>
<object>
<name>diatom</name>
<pose>Unspecified</pose>
<truncated>0</truncated>
<occluded>0</occluded>
<difficult>0</difficult>
<bndbox>
<xmin>838</xmin>
<ymin>763</ymin>
<xmax>845</xmax>
<ymax>784</ymax>
</bndbox>
</object>
<object>
<name>diatom</name>
<pose>Unspecified</pose>
<truncated>0</truncated>
<occluded>0</occluded>
<difficult>0</difficult>
<bndbox>
<xmin>833</xmin>
<ymin>764</ymin>
<xmax>843</xmax>
<ymax>782</ymax>
</bndbox>
</object>
<object>
<name>diatom</name>
<pose>Unspecified</pose>
<truncated>0</truncated>
<occluded>0</occluded>
<difficult>0</difficult>
<bndbox>
<xmin>693</xmin>
<ymin>854</ymin>
<xmax>717</xmax>
<ymax>862</ymax>
</bndbox>
</object>
<object>
<name>diatom</name>
<pose>Unspecified</pose>
<truncated>0</truncated>
<occluded>0</occluded>
<difficult>0</difficult>
<bndbox>
<xmin>749</xmin>
<ymin>586</ymin>
<xmax>766</xmax>
<ymax>606</ymax>
</bndbox>
</object>
<object>
<name>diatom</name>
<pose>Unspecified</pose>
<truncated>0</truncated>
<occluded>0</occluded>
<difficult>0</difficult>
<bndbox>
<xmin>725</xmin>
<ymin>356</ymin>
<xmax>740</xmax>
<ymax>376</ymax>
</bndbox>
</object>
<object>
<name>diatom</name>
<pose>Unspecified</pose>
<truncated>0</truncated>
<occluded>0</occluded>
<difficult>0</difficult>
<bndbox>
<xmin>805</xmin>
<ymin>157</ymin>
<xmax>827</xmax>
<ymax>165</ymax>
</bndbox>
</object>
<object>
<name>diatom</name>
<pose>Unspecified</pose>
<truncated>0</truncated>
<occluded>0</occluded>
<difficult>0</difficult>
<bndbox>
<xmin>755</xmin>
<ymin>78</ymin>
<xmax>762</xmax>
<ymax>103</ymax>
</bndbox>
</object>
<object>
<name>diatom</name>
<pose>Unspecified</pose>
<truncated>0</truncated>
<occluded>0</occluded>
<difficult>0</difficult>
<bndbox>
<xmin>753</xmin>
<ymin>142</ymin>
<xmax>774</xmax>
<ymax>159</ymax>
</bndbox>
</object>
<object>
<name>diatom</name>
<pose>Unspecified</pose>
<truncated>0</truncated>
<occluded>0</occluded>
<difficult>0</difficult>
<bndbox>
<xmin>720</xmin>
<ymin>166</ymin>
<xmax>727</xmax>
<ymax>191</ymax>
</bndbox>
</object>
<object>
<name>diatom</name>
<pose>Unspecified</pose>
<truncated>0</truncated>
<occluded>0</occluded>
<difficult>0</difficult>
<bndbox>
<xmin>573</xmin>
<ymin>143</ymin>
<xmax>597</xmax>
<ymax>154</ymax>
</bndbox>
</object>
<object>
<name>diatom</name>
<pose>Unspecified</pose>
<truncated>0</truncated>
<occluded>0</occluded>
<difficult>0</difficult>
<bndbox>
<xmin>578</xmin>
<ymin>255</ymin>
<xmax>593</xmax>
<ymax>276</ymax>
</bndbox>
</object>
<object>
<name>diatom</name>
<pose>Unspecified</pose>
<truncated>0</truncated>
<occluded>0</occluded>
<difficult>0</difficult>
<bndbox>
<xmin>592</xmin>
<ymin>341</ymin>
<xmax>616</xmax>
<ymax>354</ymax>
</bndbox>
</object>
<object>
<name>diatom</name>
<pose>Unspecified</pose>
<truncated>0</truncated>
<occluded>0</occluded>
<difficult>0</difficult>
<bndbox>
<xmin>384</xmin>
<ymin>60</ymin>
<xmax>400</xmax>
<ymax>73</ymax>
</bndbox>
</object>
<object>
<name>diatom</name>
<pose>Unspecified</pose>
<truncated>0</truncated>
<occluded>0</occluded>
<difficult>0</difficult>
<bndbox>
<xmin>312</xmin>
<ymin>132</ymin>
<xmax>318</xmax>
<ymax>156</ymax>
</bndbox>
</object>
<object>
<name>diatom</name>
<pose>Unspecified</pose>
<truncated>0</truncated>
<occluded>0</occluded>
<difficult>0</difficult>
<bndbox>
<xmin>322</xmin>
<ymin>313</ymin>
<xmax>341</xmax>
<ymax>332</ymax>
</bndbox>
</object>
<object>
<name>diatom</name>
<pose>Unspecified</pose>
<truncated>0</truncated>
<occluded>0</occluded>
<difficult>0</difficult>
<bndbox>
<xmin>306</xmin>
<ymin>250</ymin>
<xmax>329</xmax>
<ymax>264</ymax>
</bndbox>
</object>
<object>
<name>diatom</name>
<pose>Unspecified</pose>
<truncated>0</truncated>
<occluded>0</occluded>
<difficult>0</difficult>
<bndbox>
<xmin>232</xmin>
<ymin>146</ymin>
<xmax>256</xmax>
<ymax>157</ymax>
</bndbox>
</object>
<object>
<name>diatom</name>
<pose>Unspecified</pose>
<truncated>0</truncated>
<occluded>0</occluded>
<difficult>0</difficult>
<bndbox>
<xmin>210</xmin>
<ymin>146</ymin>
<xmax>228</xmax>
<ymax>165</ymax>
</bndbox>
</object>
<object>
<name>diatom</name>
<pose>Unspecified</pose>
<truncated>0</truncated>
<occluded>0</occluded>
<difficult>0</difficult>
<bndbox>
<xmin>164</xmin>
<ymin>159</ymin>
<xmax>174</xmax>
<ymax>181</ymax>
</bndbox>
</object>
<object>
<name>diatom</name>
<pose>Unspecified</pose>
<truncated>0</truncated>
<occluded>0</occluded>
<difficult>0</difficult>
<bndbox>
<xmin>330</xmin>
<ymin>399</ymin>
<xmax>339</xmax>
<ymax>423</ymax>
</bndbox>
</object>
<object>
<name>diatom</name>
<pose>Unspecified</pose>
<truncated>0</truncated>
<occluded>0</occluded>
<difficult>0</difficult>
<bndbox>
<xmin>399</xmin>
<ymin>454</ymin>
<xmax>409</xmax>
<ymax>478</ymax>
</bndbox>
</object>
<object>
<name>diatom</name>
<pose>Unspecified</pose>
<truncated>0</truncated>
<occluded>0</occluded>
<difficult>0</difficult>
<bndbox>
<xmin>528</xmin>
<ymin>499</ymin>
<xmax>551</xmax>
<ymax>516</ymax>
</bndbox>
</object>
<object>
<name>diatom</name>
<pose>Unspecified</pose>
<truncated>0</truncated>
<occluded>0</occluded>
<difficult>0</difficult>
<bndbox>
<xmin>535</xmin>
<ymin>501</ymin>
<xmax>544</xmax>
<ymax>525</ymax>
</bndbox>
</object>
<object>
<name>diatom</name>
<pose>Unspecified</pose>
<truncated>0</truncated>
<occluded>0</occluded>
<difficult>0</difficult>
<bndbox>
<xmin>580</xmin>
<ymin>585</ymin>
<xmax>591</xmax>
<ymax>608</ymax>
</bndbox>
</object>
<object>
<name>diatom</name>
<pose>Unspecified</pose>
<truncated>0</truncated>
<occluded>0</occluded>
<difficult>0</difficult>
<bndbox>
<xmin>596</xmin>
<ymin>763</ymin>
<xmax>610</xmax>
<ymax>784</ymax>
</bndbox>
</object>
<object>
<name>diatom</name>
<pose>Unspecified</pose>
<truncated>0</truncated>
<occluded>0</occluded>
<difficult>0</difficult>
<bndbox>
<xmin>501</xmin>
<ymin>717</ymin>
<xmax>513</xmax>
<ymax>739</ymax>
</bndbox>
</object>
<object>
<name>diatom</name>
<pose>Unspecified</pose>
<truncated>0</truncated>
<occluded>0</occluded>
<difficult>0</difficult>
<bndbox>
<xmin>567</xmin>
<ymin>862</ymin>
<xmax>574</xmax>
<ymax>885</ymax>
</bndbox>
</object>
<object>
<name>diatom</name>
<pose>Unspecified</pose>
<truncated>0</truncated>
<occluded>0</occluded>
<difficult>0</difficult>
<bndbox>
<xmin>537</xmin>
<ymin>903</ymin>
<xmax>559</xmax>
<ymax>909</ymax>
</bndbox>
</object>
<object>
<name>diatom</name>
<pose>Unspecified</pose>
<truncated>0</truncated>
<occluded>0</occluded>
<difficult>0</difficult>
<bndbox>
<xmin>520</xmin>
<ymin>878</ymin>
<xmax>536</xmax>
<ymax>897</ymax>
</bndbox>
</object>
<object>
<name>diatom</name>
<pose>Unspecified</pose>
<truncated>0</truncated>
<occluded>0</occluded>
<difficult>0</difficult>
<bndbox>
<xmin>115</xmin>
<ymin>454</ymin>
<xmax>126</xmax>
<ymax>473</ymax>
</bndbox>
</object>
<object>
<name>diatom</name>
<pose>Unspecified</pose>
<truncated>0</truncated>
<occluded>0</occluded>
<difficult>0</difficult>
<bndbox>
<xmin>93</xmin>
<ymin>492</ymin>
<xmax>104</xmax>
<ymax>499</ymax>
</bndbox>
</object>
<object>
<name>diatom</name>
<pose>Unspecified</pose>
<truncated>0</truncated>
<occluded>0</occluded>
<difficult>0</difficult>
<bndbox>
<xmin>174</xmin>
<ymin>494</ymin>
<xmax>196</xmax>
<ymax>501</ymax>
</bndbox>
</object>
<object>
<name>diatom</name>
<pose>Unspecified</pose>
<truncated>0</truncated>
<occluded>0</occluded>
<difficult>0</difficult>
<bndbox>
<xmin>237</xmin>
<ymin>554</ymin>
<xmax>246</xmax>
<ymax>579</ymax>
</bndbox>
</object>
<object>
<name>diatom</name>
<pose>Unspecified</pose>
<truncated>0</truncated>
<occluded>0</occluded>
<difficult>0</difficult>
<bndbox>
<xmin>166</xmin>
<ymin>648</ymin>
<xmax>179</xmax>
<ymax>671</ymax>
</bndbox>
</object>
<object>
<name>diatom</name>
<pose>Unspecified</pose>
<truncated>0</truncated>
<occluded>0</occluded>
<difficult>0</difficult>
<bndbox>
<xmin>127</xmin>
<ymin>720</ymin>
<xmax>138</xmax>
<ymax>741</ymax>
</bndbox>
</object>
<object>
<name>diatom</name>
<pose>Unspecified</pose>
<truncated>0</truncated>
<occluded>0</occluded>
<difficult>0</difficult>
<bndbox>
<xmin>178</xmin>
<ymin>747</ymin>
<xmax>186</xmax>
<ymax>771</ymax>
</bndbox>
</object>
<object>
<name>diatom</name>
<pose>Unspecified</pose>
<truncated>0</truncated>
<occluded>0</occluded>
<difficult>0</difficult>
<bndbox>
<xmin>206</xmin>
<ymin>795</ymin>
<xmax>227</xmax>
<ymax>811</ymax>
</bndbox>
</object>
<object>
<name>diatom</name>
<pose>Unspecified</pose>
<truncated>0</truncated>
<occluded>0</occluded>
<difficult>0</difficult>
<bndbox>
<xmin>95</xmin>
<ymin>819</ymin>
<xmax>116</xmax>
<ymax>830</ymax>
</bndbox>
</object>
<object>
<name>diatom</name>
<pose>Unspecified</pose>
<truncated>0</truncated>
<occluded>0</occluded>
<difficult>0</difficult>
<bndbox>
<xmin>287</xmin>
<ymin>844</ymin>
<xmax>311</xmax>
<ymax>851</ymax>
</bndbox>
</object>
<object>
<name>diatom</name>
<pose>Unspecified</pose>
<truncated>0</truncated>
<occluded>0</occluded>
<difficult>0</difficult>
<bndbox>
<xmin>342</xmin>
<ymin>854</ymin>
<xmax>366</xmax>
<ymax>860</ymax>
</bndbox>
</object>
<object>
<name>diatom</name>
<pose>Unspecified</pose>
<truncated>0</truncated>
<occluded>0</occluded>
<difficult>0</difficult>
<bndbox>
<xmin>326</xmin>
<ymin>949</ymin>
<xmax>345</xmax>
<ymax>960</ymax>
</bndbox>
</object>
<object>
<name>diatom</name>
<pose>Unspecified</pose>
<truncated>0</truncated>
<occluded>0</occluded>
<difficult>0</difficult>
<bndbox>
<xmin>264</xmin>
<ymin>950</ymin>
<xmax>284</xmax>
<ymax>960</ymax>
</bndbox>
</object>
<object>
<name>diatom</name>
<pose>Unspecified</pose>
<truncated>0</truncated>
<occluded>0</occluded>
<difficult>0</difficult>
<bndbox>
<xmin>193</xmin>
<ymin>946</ymin>
<xmax>209</xmax>
<ymax>960</ymax>
</bndbox>
</object>
</annotation>