<?xml version="1.0"?>
<annotation>
<folder>data</folder>
<filename>data1_2.png</filename>
<path/>
<source>
<database>Unknown</database>
</source>
<size>
<width>1392</width>
<height>1040</height>
<depth>3</depth>
</size>
<segmented>0</segmented>
<object>
<name>diatom</name>
<pose>Unspecified</pose>
<truncated>0</truncated>
<occluded>0</occluded>
<difficult>0</difficult>
<bndbox>
<xmin>94</xmin>
<ymin>226</ymin>
<xmax>105</xmax>
<ymax>248</ymax>
</bndbox>
</object>
<object>
<name>diatom</name>
<pose>Unspecified</pose>
<truncated>0</truncated>
<occluded>0</occluded>
<difficult>0</difficult>
<bndbox>
<xmin>227</xmin>
<ymin>145</ymin>
<xmax>250</xmax>
<ymax>155</ymax>
</bndbox>
</object>
<object>
<name>diatom</name>
<pose>Unspecified</pose>
<truncated>0</truncated>
<occluded>0</occluded>
<difficult>0</difficult>
<bndbox>
<xmin>267</xmin>
<ymin>87</ymin>
<xmax>286</xmax>
<ymax>104</ymax>
</bndbox>
</object>
<object>
<name>diatom</name>
<pose>Unspecified</pose>
<truncated>0</truncated>
<occluded>0</occluded>
<difficult>0</difficult>
<bndbox>
<xmin>385</xmin>
<ymin>60</ymin>
<xmax>398</xmax>
<ymax>73</ymax>
</bndbox>
</object>
<object>
<name>diatom</name>
<pose>Unspecified</pose>
<truncated>0</truncated>
<occluded>0</occluded>
<difficult>0</difficult>
<bndbox>
<xmin>550</xmin>
<ymin>60</ymin>
<xmax>557</xmax>
<ymax>80</ymax>
</bndbox>
</object>
<object>
<name>diatom</name>
<pose>Unspecified</pose>
<truncated>0</truncated>
<occluded>0</occluded>
<difficult>0</difficult>
<bndbox>
<xmin>567</xmin>
<ymin>106</ymin>
<xmax>577</xmax>
<ymax>129</ymax>
</bndbox>
</object>
<object>
<name>diatom</name>
<pose>Unspecified</pose>
<truncated>0</truncated>
<occluded>0</occluded>
<difficult>0</difficult>
<bndbox>
<xmin>541</xmin>
<ymin>210</ymin>
<xmax>557</xmax>
<ymax>230</ymax>
</bndbox>
</object>
<object>
<name>diatom</name>
<pose>Unspecified</pose>
<truncated>0</truncated>
<occluded>0</occluded>
<difficult>0</difficult>
<bndbox>
<xmin>337</xmin>
<ymin>191</ymin>
<xmax>352</xmax>
<ymax>206</ymax>
</bndbox>
</object>
<object>
<name>diatom</name>
<pose>Unspecified</pose>
<truncated>0</truncated>
<occluded>0</occluded>
<difficult>0</difficult>
<bndbox>
<xmin>292</xmin>
<ymin>269</ymin>
<xmax>304</xmax>
<ymax>289</ymax>
</bndbox>
</object>
<object>
<name>diatom</name>
<pose>Unspecified</pose>
<truncated>0</truncated>
<occluded>0</occluded>
<difficult>0</difficult>
<bndbox>
<xmin>755</xmin>
<ymin>77</ymin>
<xmax>763</xmax>
<ymax>103</ymax>
</bndbox>
</object>
<object>
<name>diatom</name>
<pose>Unspecified</pose>
<truncated>0</truncated>
<occluded>0</occluded>
<difficult>0</difficult>
<bndbox>
<xmin>795</xmin>
<ymin>99</ymin>
<xmax>806</xmax>
<ymax>123</ymax>
</bndbox>
</object>
<object>
<name>diatom</name>
<pose>Unspecified</pose>
<truncated>0</truncated>
<occluded>0</occluded>
<difficult>0</difficult>
<bndbox>
<xmin>1254</xmin>
<ymin>228</ymin>
<xmax>1276</xmax>
<ymax>242</ymax>
</bndbox>
</object>
<object>
<name>diatom</name>
<pose>Unspecified</pose>
<truncated>0</truncated>
<occluded>0</occluded>
<difficult>0</difficult>
<bndbox>
<xmin>1254</xmin>
<ymin>376</ymin>
<xmax>1273</xmax>
<ymax>393</ymax>
</bndbox>
</object>
<object>
<name>diatom</name>
<pose>Unspecified</pose>
<truncated>0</truncated>
<occluded>0</occluded>
<difficult>0</difficult>
<bndbox>
<xmin>1182</xmin>
<ymin>209</ymin>
<xmax>1194</xmax>
<ymax>232</ymax>
</bndbox>
</object>
<object>
<name>diatom</name>
<pose>Unspecified</pose>
<truncated>0</truncated>
<occluded>0</occluded>
<difficult>0</difficult>
<bndbox>
<xmin>1147</xmin>
<ymin>218</ymin>
<xmax>1170</xmax>
<ymax>232</ymax>
</bndbox>
</object>
<object>
<name>diatom</name>
<pose>Unspecified</pose>
<truncated>0</truncated>
<occluded>0</occluded>
<difficult>0</difficult>
<bndbox>
<xmin>1175</xmin>
<ymin>305</ymin>
<xmax>1197</xmax>
<ymax>322</ymax>
</bndbox>
</object>
<object>
<name>diatom</name>
<pose>Unspecified</pose>
<truncated>0</truncated>
<occluded>0</occluded>
<difficult>0</difficult>
<bndbox>
<xmin>1115</xmin>
<ymin>321</ymin>
<xmax>1126</xmax>
<ymax>344</ymax>
</bndbox>
</object>
<object>
<name>diatom</name>
<pose>Unspecified</pose>
<truncated>0</truncated>
<occluded>0</occluded>
<difficult>0</difficult>
<bndbox>
<xmin>1081</xmin>
<ymin>359</ymin>
<xmax>1104</xmax>
<ymax>368</ymax>
</bndbox>
</object>
<object>
<name>diatom</name>
<pose>Unspecified</pose>
<truncated>0</truncated>
<occluded>0</occluded>
<difficult>0</difficult>
<bndbox>
<xmin>1008</xmin>
<ymin>162</ymin>
<xmax>1024</xmax>
<ymax>182</ymax>
</bndbox>
</object>
<object>
<name>diatom</name>
<pose>Unspecified</pose>
<truncated>0</truncated>
<occluded>0</occluded>
<difficult>0</difficult>
<bndbox>
<xmin>1001</xmin>
<ymin>264</ymin>
<xmax>1017</xmax>
<ymax>290</ymax>
</bndbox>
</object>
<object>
<name>diatom</name>
<pose>Unspecified</pose>
<truncated>0</truncated>
<occluded>0</occluded>
<difficult>0</difficult>
<bndbox>
<xmin>930</xmin>
<ymin>191</ymin>
<xmax>947</xmax>
<ymax>213</ymax>
</bndbox>
</object>
<object>
<name>diatom</name>
<pose>Unspecified</pose>
<truncated>0</truncated>
<occluded>0</occluded>
<difficult>0</difficult>
<bndbox>
<xmin>873</xmin>
<ymin>329</ymin>
<xmax>896</xmax>
<ymax>337</ymax>
</bndbox>
</object>
<object>
<name>diatom</name>
<pose>Unspecified</pose>
<truncated>0</truncated>
<occluded>0</occluded>
<difficult>0</difficult>
<bndbox>
<xmin>878</xmin>
<ymin>340</ymin>
<xmax>892</xmax>
<ymax>358</ymax>
</bndbox>
</object>
<object>
<name>diatom</name>
<pose>Unspecified</pose>
<truncated>0</truncated>
<occluded>0</occluded>
<difficult>0</difficult>
<bndbox>
<xmin>719</xmin>
<ymin>165</ymin>
<xmax>728</xmax>
<ymax>189</ymax>
</bndbox>
</object>
<object>
<name>diatom</name>
<pose>Unspecified</pose>
<truncated>0</truncated>
<occluded>0</occluded>
<difficult>0</difficult>
<bndbox>
<xmin>738</xmin>
<ymin>294</ymin>
<xmax>757</xmax>
<ymax>312</ymax>
</bndbox>
</object>
<object>
<name>diatom</name>
<pose>Unspecified</pose>
<truncated>0</truncated>
<occluded>0</occluded>
<difficult>0</difficult>
<bndbox>
<xmin>717</xmin>
<ymin>262</ymin>
<xmax>726</xmax>
<ymax>283</ymax>
</bndbox>
</object>
<object>
<name>diatom</name>
<pose>Unspecified</pose>
<truncated>0</truncated>
<occluded>0</occluded>
<difficult>0</difficult>
<bndbox>
<xmin>722</xmin>
<ymin>354</ymin>
<xmax>740</xmax>
<ymax>374</ymax>
</bndbox>
</object>
<object>
<name>diatom</name>
<pose>Unspecified</pose>
<truncated>0</truncated>
<occluded>0</occluded>
<difficult>0</difficult>
<bndbox>
<xmin>1214</xmin>
<ymin>468</ymin>
<xmax>1237</xmax>
<ymax>483</ymax>
</bndbox>
</object>
<object>
<name>diatom</name>
<pose>Unspecified</pose>
<truncated>0</truncated>
<occluded>0</occluded>
<difficult>0</difficult>
<bndbox>
<xmin>1080</xmin>
<ymin>494</ymin>
<xmax>1087</xmax>
<ymax>518</ymax>
</bndbox>
</object>
<object>
<name>diatom</name>
<pose>Unspecified</pose>
<truncated>0</truncated>
<occluded>0</occluded>
<difficult>0</difficult>
<bndbox>
<xmin>1048</xmin>
<ymin>479</ymin>
<xmax>1068</xmax>
<ymax>497</ymax>
</bndbox>
</object>
<object>
<name>diatom</name>
<pose>Unspecified</pose>
<truncated>0</truncated>
<occluded>0</occluded>
<difficult>0</difficult>
<bndbox>
<xmin>844</xmin>
<ymin>518</ymin>
<xmax>869</xmax>
<ymax>533</ymax>
</bndbox>
</object>
<object>
<name>diatom</name>
<pose>Unspecified</pose>
<truncated>0</truncated>
<occluded>0</occluded>
<difficult>0</difficult>
<bndbox>
<xmin>939</xmin>
<ymin>654</ymin>
<xmax>964</xmax>
<ymax>664</ymax>
</bndbox>
</object>
<object>
<name>diatom</name>
<pose>Unspecified</pose>
<truncated>0</truncated>
<occluded>0</occluded>
<difficult>0</difficult>
<bndbox>
<xmin>1287</xmin>
<ymin>925</ymin>
<xmax>1297</xmax>
<ymax>936</ymax>
</bndbox>
</object>
<object>
<name>diatom</name>
<pose>Unspecified</pose>
<truncated>0</truncated>
<occluded>0</occluded>
<difficult>0</difficult>
<bndbox>
<xmin>1185</xmin>
<ymin>852</ymin>
<xmax>1202</xmax>
<ymax>873</ymax>
</bndbox>
</object>
<object>
<name>diatom</name>
<pose>Unspecified</pose>
<truncated>0</truncated>
<occluded>0</occluded>
<difficult>0</difficult>
<bndbox>
<xmin>1153</xmin>
<ymin>861</ymin>
<xmax>1178</xmax>
<ymax>879</ymax>
</bndbox>
</object>
<object>
<name>diatom</name>
<pose>Unspecified</pose>
<truncated>0</truncated>
<occluded>0</occluded>
<difficult>0</difficult>
<bndbox>
<xmin>1160</xmin>
<ymin>899</ymin>
<xmax>1181</xmax>
<ymax>919</ymax>
</bndbox>
</object>
<object>
<name>diatom</name>
<pose>Unspecified</pose>
<truncated>0</truncated>
<occluded>0</occluded>
<difficult>0</difficult>
<bndbox>
<xmin>971</xmin>
<ymin>871</ymin>
<xmax>986</xmax>
<ymax>892</ymax>
</bndbox>
</object>
<object>
<name>diatom</name>
<pose>Unspecified</pose>
<truncated>0</truncated>
<occluded>0</occluded>
<difficult>0</difficult>
<bndbox>
<xmin>957</xmin>
<ymin>940</ymin>
<xmax>981</xmax>
<ymax>948</ymax>
</bndbox>
</object>
<object>
<name>diatom</name>
<pose>Unspecified</pose>
<truncated>0</truncated>
<occluded>0</occluded>
<difficult>0</difficult>
<bndbox>
<xmin>929</xmin>
<ymin>875</ymin>
<xmax>946</xmax>
<ymax>897</ymax>
</bndbox>
</object>
<object>
<name>diatom</name>
<pose>Unspecified</pose>
<truncated>0</truncated>
<occluded>0</occluded>
<difficult>0</difficult>
<bndbox>
<xmin>837</xmin>
<ymin>763</ymin>
<xmax>847</xmax>
<ymax>783</ymax>
</bndbox>
</object>
<object>
<name>diatom</name>
<pose>Unspecified</pose>
<truncated>0</truncated>
<occluded>0</occluded>
<difficult>0</difficult>
<bndbox>
<xmin>834</xmin>
<ymin>763</ymin>
<xmax>843</xmax>
<ymax>785</ymax>
</bndbox>
</object>
<object>
<name>diatom</name>
<pose>Unspecified</pose>
<truncated>0</truncated>
<occluded>0</occluded>
<difficult>0</difficult>
<bndbox>
<xmin>467</xmin>
<ymin>936</ymin>
<xmax>478</xmax>
<ymax>958</ymax>
</bndbox>
</object>
<object>
<name>diatom</name>
<pose>Unspecified</pose>
<truncated>0</truncated>
<occluded>0</occluded>
<difficult>0</difficult>
<bndbox>
<xmin>566</xmin>
<ymin>858</ymin>
<xmax>576</xmax>
<ymax>888</ymax>
</bndbox>
</object>
<object>
<name>diatom</name>
<pose>Unspecified</pose>
<truncated>0</truncated>
<occluded>0</occluded>
<difficult>0</difficult>
<bndbox>
<xmin>556</xmin>
<ymin>905</ymin>
<xmax>578</xmax>
<ymax>911</ymax>
</bndbox>
</object>
<object>
<name>diatom</name>
<pose>Unspecified</pose>
<truncated>0</truncated>
<occluded>0</occluded>
<difficult>0</difficult>
<bndbox>
<xmin>538</xmin>
<ymin>912</ymin>
<xmax>553</xmax>
<ymax>933</ymax>
</bndbox>
</object>
<object>
<name>diatom</name>
<pose>Unspecified</pose>
<truncated>0</truncated>
<occluded>0</occluded>
<difficult>0</difficult>
<bndbox>
<xmin>588</xmin>
<ymin>602</ymin>
<xmax>611</xmax>
<ymax>618</ymax>
</bndbox>
</object>
<object>
<name>diatom</name>
<pose>Unspecified</pose>
<truncated>0</truncated>
<occluded>0</occluded>
<difficult>0</difficult>
<bndbox>
<xmin>591</xmin>
<ymin>699</ymin>
<xmax>604</xmax>
<ymax>723</ymax>
</bndbox>
</object>
<object>
<name>diatom</name>
<pose>Unspecified</pose>
<truncated>0</truncated>
<occluded>0</occluded>
<difficult>0</difficult>
<bndbox>
<xmin>497</xmin>
<ymin>707</ymin>
<xmax>510</xmax>
<ymax>730</ymax>
</bndbox>
</object>
<object>
<name>diatom</name>
<pose>Unspecified</pose>
<truncated>0</truncated>
<occluded>0</occluded>
<difficult>0</difficult>
<bndbox>
<xmin>530</xmin>
<ymin>498</ymin>
<xmax>551</xmax>
<ymax>515</ymax>
</bndbox>
</object>
<object>
<name>diatom</name>
<pose>Unspecified</pose>
<truncated>0</truncated>
<occluded>0</occluded>
<difficult>0</difficult>
<bndbox>
<xmin>591</xmin>
<ymin>339</ymin>
<xmax>617</xmax>
<ymax>353</ymax>
</bndbox>
</object>
<object>
<name>diatom</name>
<pose>Unspecified</pose>
<truncated>0</truncated>
<occluded>0</occluded>
<difficult>0</difficult>
<bndbox>
<xmin>381</xmin>
<ymin>511</ymin>
<xmax>406</xmax>
<ymax>522</ymax>
</bndbox>
</object>
<object>
<name>diatom</name>
<pose>Unspecified</pose>
<truncated>0</truncated>
<occluded>0</occluded>
<difficult>0</difficult>
<bndbox>
<xmin>372</xmin>
<ymin>507</ymin>
<xmax>391</xmax>
<ymax>527</ymax>
</bndbox>
</object>
<object>
<name>diatom</name>
<pose>Unspecified</pose>
<truncated>0</truncated>
<occluded>0</occluded>
<difficult>0</difficult>
<bndbox>
<xmin>343</xmin>
<ymin>851</ymin>
<xmax>368</xmax>
<ymax>861</ymax>
</bndbox>
</object>
<object>
<name>diatom</name>
<pose>Unspecified</pose>
<truncated>0</truncated>
<occluded>0</occluded>
<difficult>0</difficult>
<bndbox>
<xmin>322</xmin>
<ymin>782</ymin>
<xmax>346</xmax>
<ymax>794</ymax>
</bndbox>
</object>
<object>
<name>diatom</name>
<pose>Unspecified</pose>
<truncated>0</truncated>
<occluded>0</occluded>
<difficult>0</difficult>
<bndbox>
<xmin>298</xmin>
<ymin>840</ymin>
<xmax>326</xmax>
<ymax>853</ymax>
</bndbox>
</object>
<object>
<name>diatom</name>
<pose>Unspecified</pose>
<truncated>0</truncated>
<occluded>0</occluded>
<difficult>0</difficult>
<bndbox>
<xmin>275</xmin>
<ymin>807</ymin>
<xmax>296</xmax>
<ymax>828</ymax>
</bndbox>
</object>
<object>
<name>diatom</name>
<pose>Unspecified</pose>
<truncated>0</truncated>
<occluded>0</occluded>
<difficult>0</difficult>
<bndbox>
<xmin>238</xmin>
<ymin>863</ymin>
<xmax>251</xmax>
<ymax>890</ymax>
</bndbox>
</object>
<object>
<name>diatom</name>
<pose>Unspecified</pose>
<truncated>0</truncated>
<occluded>0</occluded>
<difficult>0</difficult>
<bndbox>
<xmin>246</xmin>
<ymin>662</ymin>
<xmax>259</xmax>
<ymax>684</ymax>
</bndbox>
</object>
<object>
<name>diatom</name>
<pose>Unspecified</pose>
<truncated>0</truncated>
<occluded>0</occluded>
<difficult>0</difficult>
<bndbox>
<xmin>204</xmin>
<ymin>794</ymin>
<xmax>227</xmax>
<ymax>810</ymax>
</bndbox>
</object>
<object>
<name>diatom</name>
<pose>Unspecified</pose>
<truncated>0</truncated>
<occluded>0</occluded>
<difficult>0</difficult>
<bndbox>
<xmin>180</xmin>
<ymin>748</ymin>
<xmax>190</xmax>
<ymax>771</ymax>
</bndbox>
</object>
<object>
<name>diatom</name>
<pose>Unspecified</pose>
<truncated>0</truncated>
<occluded>0</occluded>
<difficult>0</difficult>
<bndbox>
<xmin>165</xmin>
<ymin>647</ymin>
<xmax>180</xmax>
<ymax>668</ymax>
</bndbox>
</object>
<object>
<name>diatom</name>
<pose>Unspecified</pose>
<truncated>0</truncated>
<occluded>0</occluded>
<difficult>0</difficult>
<bndbox>
<xmin>102</xmin>
<ymin>669</ymin>
<xmax>126</xmax>
<ymax>683</ymax>
</bndbox>
</object>
<object>
<name>diatom</name>
<pose>Unspecified</pose>
<truncated>0</truncated>
<occluded>0</occluded>
<difficult>0</difficult>
<bndbox>
<xmin>95</xmin>
<ymin>648</ymin>
<xmax>110</xmax>
<ymax>670</ymax>
</bndbox>
</object>
<object>
<name>diatom</name>
<pose>Unspecified</pose>
<truncated>0</truncated>
<occluded>0</occluded>
<difficult>0</difficult>
<bndbox>
<xmin>170</xmin>
<ymin>494</ymin>
<xmax>194</xmax>
<ymax>502</ymax>
</bndbox>
</object>
<object>
<name>diatom</name>
<pose>Unspecified</pose>
<truncated>0</truncated>
<occluded>0</occluded>
<difficult>0</difficult>
<bndbox>
<xmin>118</xmin>
<ymin>512</ymin>
<xmax>144</xmax>
<ymax>523</ymax>
</bndbox>
</object>
<object>
<name>diatom</name>
<pose>Unspecified</pose>
<truncated>0</truncated>
<occluded>0</occluded>
<difficult>0</difficult>
<bndbox>
<xmin>114</xmin>
<ymin>450</ymin>
<xmax>129</xmax>
<ymax>473</ymax>
</bndbox>
</object>
<object>
<name>diatom</name>
<pose>Unspecified</pose>
<truncated>0</truncated>
<occluded>0</occluded>
<difficult>0</difficult>
<bndbox>
<xmin>94</xmin>
<ymin>490</ymin>
<xmax>103</xmax>
<ymax>501</ymax>
</bndbox>
</object>
<object>
<name>diatom</name>
<pose>Unspecified</pose>
<truncated>0</truncated>
<occluded>0</occluded>
<difficult>0</difficult>
<bndbox>
<xmin>319</xmin>
<ymin>315</ymin>
<xmax>338</xmax>
<ymax>333</ymax>
</bndbox>
</object>
<object>
<name>diatom</name>
<pose>Unspecified</pose>
<truncated>0</truncated>
<occluded>0</occluded>
<difficult>0</difficult>
<bndbox>
<xmin>379</xmin>
<ymin>283</ymin>
<xmax>403</xmax>
<ymax>293</ymax>
</bndbox>
</object>
<object>
<name>diatom</name>
<pose>Unspecified</pose>
<truncated>0</truncated>
<occluded>0</occluded>
<difficult>0</difficult>
<bndbox>
<xmin>312</xmin>
<ymin>129</ymin>
<xmax>322</xmax>
<ymax>154</ymax>
</bndbox>
</object>
</annotation>