<?xml version="1.0"?>
<annotation>
<folder>data</folder>
<filename>data1_59.png</filename>
<path/>
<source>
<database>Unknown</database>
</source>
<size>
<width>1392</width>
<height>1040</height>
<depth>3</depth>
</size>
<segmented>0</segmented>
<object>
<name>diatom</name>
<pose>Unspecified</pose>
<truncated>0</truncated>
<occluded>0</occluded>
<difficult>0</difficult>
<bndbox>
<xmin>1246</xmin>
<ymin>170</ymin>
<xmax>1258</xmax>
<ymax>188</ymax>
</bndbox>
</object>
<object>
<name>diatom</name>
<pose>Unspecified</pose>
<truncated>0</truncated>
<occluded>0</occluded>
<difficult>0</difficult>
<bndbox>
<xmin>1211</xmin>
<ymin>131</ymin>
<xmax>1223</xmax>
<ymax>151</ymax>
</bndbox>
</object>
<object>
<name>diatom</name>
<pose>Unspecified</pose>
<truncated>0</truncated>
<occluded>0</occluded>
<difficult>0</difficult>
<bndbox>
<xmin>1183</xmin>
<ymin>211</ymin>
<xmax>1194</xmax>
<ymax>231</ymax>
</bndbox>
</object>
<object>
<name>diatom</name>
<pose>Unspecified</pose>
<truncated>0</truncated>
<occluded>0</occluded>
<difficult>0</difficult>
<bndbox>
<xmin>1168</xmin>
<ymin>211</ymin>
<xmax>1188</xmax>
<ymax>225</ymax>
</bndbox>
</object>
<object>
<name>diatom</name>
<pose>Unspecified</pose>
<truncated>0</truncated>
<occluded>0</occluded>
<difficult>0</difficult>
<bndbox>
<xmin>1009</xmin>
<ymin>163</ymin>
<xmax>1023</xmax>
<ymax>180</ymax>
</bndbox>
</object>
<object>
<name>diatom</name>
<pose>Unspecified</pose>
<truncated>0</truncated>
<occluded>0</occluded>
<difficult>0</difficult>
<bndbox>
<xmin>1007</xmin>
<ymin>263</ymin>
<xmax>1018</xmax>
<ymax>282</ymax>
</bndbox>
</object>
<object>
<name>diatom</name>
<pose>Unspecified</pose>
<truncated>0</truncated>
<occluded>0</occluded>
<difficult>0</difficult>
<bndbox>
<xmin>1077</xmin>
<ymin>286</ymin>
<xmax>1086</xmax>
<ymax>307</ymax>
</bndbox>
</object>
<object>
<name>diatom</name>
<pose>Unspecified</pose>
<truncated>0</truncated>
<occluded>0</occluded>
<difficult>0</difficult>
<bndbox>
<xmin>1179</xmin>
<ymin>313</ymin>
<xmax>1197</xmax>
<ymax>327</ymax>
</bndbox>
</object>
<object>
<name>diatom</name>
<pose>Unspecified</pose>
<truncated>0</truncated>
<occluded>0</occluded>
<difficult>0</difficult>
<bndbox>
<xmin>1253</xmin>
<ymin>377</ymin>
<xmax>1271</xmax>
<ymax>394</ymax>
</bndbox>
</object>
<object>
<name>diatom</name>
<pose>Unspecified</pose>
<truncated>0</truncated>
<occluded>0</occluded>
<difficult>0</difficult>
<bndbox>
<xmin>1081</xmin>
<ymin>362</ymin>
<xmax>1103</xmax>
<ymax>368</ymax>
</bndbox>
</object>
<object>
<name>diatom</name>
<pose>Unspecified</pose>
<truncated>0</truncated>
<occluded>0</occluded>
<difficult>0</difficult>
<bndbox>
<xmin>1215</xmin>
<ymin>470</ymin>
<xmax>1236</xmax>
<ymax>482</ymax>
</bndbox>
</object>
<object>
<name>diatom</name>
<pose>Unspecified</pose>
<truncated>0</truncated>
<occluded>0</occluded>
<difficult>0</difficult>
<bndbox>
<xmin>1080</xmin>
<ymin>505</ymin>
<xmax>1087</xmax>
<ymax>525</ymax>
</bndbox>
</object>
<object>
<name>diatom</name>
<pose>Unspecified</pose>
<truncated>0</truncated>
<occluded>0</occluded>
<difficult>0</difficult>
<bndbox>
<xmin>1012</xmin>
<ymin>522</ymin>
<xmax>1028</xmax>
<ymax>540</ymax>
</bndbox>
</object>
<object>
<name>diatom</name>
<pose>Unspecified</pose>
<truncated>0</truncated>
<occluded>0</occluded>
<difficult>0</difficult>
<bndbox>
<xmin>1186</xmin>
<ymin>855</ymin>
<xmax>1201</xmax>
<ymax>873</ymax>
</bndbox>
</object>
<object>
<name>diatom</name>
<pose>Unspecified</pose>
<truncated>0</truncated>
<occluded>0</occluded>
<difficult>0</difficult>
<bndbox>
<xmin>1151</xmin>
<ymin>863</ymin>
<xmax>1171</xmax>
<ymax>876</ymax>
</bndbox>
</object>
<object>
<name>diatom</name>
<pose>Unspecified</pose>
<truncated>0</truncated>
<occluded>0</occluded>
<difficult>0</difficult>
<bndbox>
<xmin>1158</xmin>
<ymin>898</ymin>
<xmax>1174</xmax>
<ymax>918</ymax>
</bndbox>
</object>
<object>
<name>diatom</name>
<pose>Unspecified</pose>
<truncated>0</truncated>
<occluded>0</occluded>
<difficult>0</difficult>
<bndbox>
<xmin>908</xmin>
<ymin>809</ymin>
<xmax>931</xmax>
<ymax>816</ymax>
</bndbox>
</object>
<object>
<name>diatom</name>
<pose>Unspecified</pose>
<truncated>0</truncated>
<occluded>0</occluded>
<difficult>0</difficult>
<bndbox>
<xmin>840</xmin>
<ymin>768</ymin>
<xmax>846</xmax>
<ymax>790</ymax>
</bndbox>
</object>
<object>
<name>diatom</name>
<pose>Unspecified</pose>
<truncated>0</truncated>
<occluded>0</occluded>
<difficult>0</difficult>
<bndbox>
<xmin>836</xmin>
<ymin>770</ymin>
<xmax>843</xmax>
<ymax>790</ymax>
</bndbox>
</object>
<object>
<name>diatom</name>
<pose>Unspecified</pose>
<truncated>0</truncated>
<occluded>0</occluded>
<difficult>0</difficult>
<bndbox>
<xmin>754</xmin>
<ymin>79</ymin>
<xmax>762</xmax>
<ymax>102</ymax>
</bndbox>
</object>
<object>
<name>diatom</name>
<pose>Unspecified</pose>
<truncated>0</truncated>
<occluded>0</occluded>
<difficult>0</difficult>
<bndbox>
<xmin>579</xmin>
<ymin>103</ymin>
<xmax>589</xmax>
<ymax>124</ymax>
</bndbox>
</object>
<object>
<name>diatom</name>
<pose>Unspecified</pose>
<truncated>0</truncated>
<occluded>0</occluded>
<difficult>0</difficult>
<bndbox>
<xmin>486</xmin>
<ymin>115</ymin>
<xmax>510</xmax>
<ymax>123</ymax>
</bndbox>
</object>
<object>
<name>diatom</name>
<pose>Unspecified</pose>
<truncated>0</truncated>
<occluded>0</occluded>
<difficult>0</difficult>
<bndbox>
<xmin>753</xmin>
<ymin>134</ymin>
<xmax>763</xmax>
<ymax>157</ymax>
</bndbox>
</object>
<object>
<name>diatom</name>
<pose>Unspecified</pose>
<truncated>0</truncated>
<occluded>0</occluded>
<difficult>0</difficult>
<bndbox>
<xmin>720</xmin>
<ymin>170</ymin>
<xmax>727</xmax>
<ymax>193</ymax>
</bndbox>
</object>
<object>
<name>diatom</name>
<pose>Unspecified</pose>
<truncated>0</truncated>
<occluded>0</occluded>
<difficult>0</difficult>
<bndbox>
<xmin>878</xmin>
<ymin>339</ymin>
<xmax>892</xmax>
<ymax>360</ymax>
</bndbox>
</object>
<object>
<name>diatom</name>
<pose>Unspecified</pose>
<truncated>0</truncated>
<occluded>0</occluded>
<difficult>0</difficult>
<bndbox>
<xmin>815</xmin>
<ymin>294</ymin>
<xmax>837</xmax>
<ymax>302</ymax>
</bndbox>
</object>
<object>
<name>diatom</name>
<pose>Unspecified</pose>
<truncated>0</truncated>
<occluded>0</occluded>
<difficult>0</difficult>
<bndbox>
<xmin>691</xmin>
<ymin>258</ymin>
<xmax>699</xmax>
<ymax>278</ymax>
</bndbox>
</object>
<object>
<name>diatom</name>
<pose>Unspecified</pose>
<truncated>0</truncated>
<occluded>0</occluded>
<difficult>0</difficult>
<bndbox>
<xmin>572</xmin>
<ymin>246</ymin>
<xmax>588</xmax>
<ymax>265</ymax>
</bndbox>
</object>
<object>
<name>diatom</name>
<pose>Unspecified</pose>
<truncated>0</truncated>
<occluded>0</occluded>
<difficult>0</difficult>
<bndbox>
<xmin>591</xmin>
<ymin>341</ymin>
<xmax>615</xmax>
<ymax>354</ymax>
</bndbox>
</object>
<object>
<name>diatom</name>
<pose>Unspecified</pose>
<truncated>0</truncated>
<occluded>0</occluded>
<difficult>0</difficult>
<bndbox>
<xmin>723</xmin>
<ymin>357</ymin>
<xmax>739</xmax>
<ymax>377</ymax>
</bndbox>
</object>
<object>
<name>diatom</name>
<pose>Unspecified</pose>
<truncated>0</truncated>
<occluded>0</occluded>
<difficult>0</difficult>
<bndbox>
<xmin>868</xmin>
<ymin>386</ymin>
<xmax>878</xmax>
<ymax>408</ymax>
</bndbox>
</object>
<object>
<name>diatom</name>
<pose>Unspecified</pose>
<truncated>0</truncated>
<occluded>0</occluded>
<difficult>0</difficult>
<bndbox>
<xmin>846</xmin>
<ymin>520</ymin>
<xmax>868</xmax>
<ymax>534</ymax>
</bndbox>
</object>
<object>
<name>diatom</name>
<pose>Unspecified</pose>
<truncated>0</truncated>
<occluded>0</occluded>
<difficult>0</difficult>
<bndbox>
<xmin>771</xmin>
<ymin>579</ymin>
<xmax>793</xmax>
<ymax>587</ymax>
</bndbox>
</object>
<object>
<name>diatom</name>
<pose>Unspecified</pose>
<truncated>0</truncated>
<occluded>0</occluded>
<difficult>0</difficult>
<bndbox>
<xmin>530</xmin>
<ymin>499</ymin>
<xmax>551</xmax>
<ymax>515</ymax>
</bndbox>
</object>
<object>
<name>diatom</name>
<pose>Unspecified</pose>
<truncated>0</truncated>
<occluded>0</occluded>
<difficult>0</difficult>
<bndbox>
<xmin>594</xmin>
<ymin>516</ymin>
<xmax>618</xmax>
<ymax>525</ymax>
</bndbox>
</object>
<object>
<name>diatom</name>
<pose>Unspecified</pose>
<truncated>0</truncated>
<occluded>0</occluded>
<difficult>0</difficult>
<bndbox>
<xmin>637</xmin>
<ymin>566</ymin>
<xmax>647</xmax>
<ymax>587</ymax>
</bndbox>
</object>
<object>
<name>diatom</name>
<pose>Unspecified</pose>
<truncated>0</truncated>
<occluded>0</occluded>
<difficult>0</difficult>
<bndbox>
<xmin>578</xmin>
<ymin>578</ymin>
<xmax>587</xmax>
<ymax>599</ymax>
</bndbox>
</object>
<object>
<name>diatom</name>
<pose>Unspecified</pose>
<truncated>0</truncated>
<occluded>0</occluded>
<difficult>0</difficult>
<bndbox>
<xmin>498</xmin>
<ymin>712</ymin>
<xmax>508</xmax>
<ymax>733</ymax>
</bndbox>
</object>
<object>
<name>diatom</name>
<pose>Unspecified</pose>
<truncated>0</truncated>
<occluded>0</occluded>
<difficult>0</difficult>
<bndbox>
<xmin>620</xmin>
<ymin>795</ymin>
<xmax>640</xmax>
<ymax>810</ymax>
</bndbox>
</object>
<object>
<name>diatom</name>
<pose>Unspecified</pose>
<truncated>0</truncated>
<occluded>0</occluded>
<difficult>0</difficult>
<bndbox>
<xmin>566</xmin>
<ymin>861</ymin>
<xmax>576</xmax>
<ymax>884</ymax>
</bndbox>
</object>
<object>
<name>diatom</name>
<pose>Unspecified</pose>
<truncated>0</truncated>
<occluded>0</occluded>
<difficult>0</difficult>
<bndbox>
<xmin>511</xmin>
<ymin>907</ymin>
<xmax>524</xmax>
<ymax>929</ymax>
</bndbox>
</object>
<object>
<name>diatom</name>
<pose>Unspecified</pose>
<truncated>0</truncated>
<occluded>0</occluded>
<difficult>0</difficult>
<bndbox>
<xmin>470</xmin>
<ymin>904</ymin>
<xmax>488</xmax>
<ymax>915</ymax>
</bndbox>
</object>
<object>
<name>diatom</name>
<pose>Unspecified</pose>
<truncated>0</truncated>
<occluded>0</occluded>
<difficult>0</difficult>
<bndbox>
<xmin>473</xmin>
<ymin>882</ymin>
<xmax>491</xmax>
<ymax>893</ymax>
</bndbox>
</object>
<object>
<name>diatom</name>
<pose>Unspecified</pose>
<truncated>0</truncated>
<occluded>0</occluded>
<difficult>0</difficult>
<bndbox>
<xmin>383</xmin>
<ymin>61</ymin>
<xmax>399</xmax>
<ymax>74</ymax>
</bndbox>
</object>
<object>
<name>diatom</name>
<pose>Unspecified</pose>
<truncated>0</truncated>
<occluded>0</occluded>
<difficult>0</difficult>
<bndbox>
<xmin>312</xmin>
<ymin>132</ymin>
<xmax>318</xmax>
<ymax>153</ymax>
</bndbox>
</object>
<object>
<name>diatom</name>
<pose>Unspecified</pose>
<truncated>0</truncated>
<occluded>0</occluded>
<difficult>0</difficult>
<bndbox>
<xmin>239</xmin>
<ymin>149</ymin>
<xmax>262</xmax>
<ymax>157</ymax>
</bndbox>
</object>
<object>
<name>diatom</name>
<pose>Unspecified</pose>
<truncated>0</truncated>
<occluded>0</occluded>
<difficult>0</difficult>
<bndbox>
<xmin>150</xmin>
<ymin>140</ymin>
<xmax>165</xmax>
<ymax>159</ymax>
</bndbox>
</object>
<object>
<name>diatom</name>
<pose>Unspecified</pose>
<truncated>0</truncated>
<occluded>0</occluded>
<difficult>0</difficult>
<bndbox>
<xmin>179</xmin>
<ymin>209</ymin>
<xmax>190</xmax>
<ymax>226</ymax>
</bndbox>
</object>
<object>
<name>diatom</name>
<pose>Unspecified</pose>
<truncated>0</truncated>
<occluded>0</occluded>
<difficult>0</difficult>
<bndbox>
<xmin>353</xmin>
<ymin>231</ymin>
<xmax>377</xmax>
<ymax>238</ymax>
</bndbox>
</object>
<object>
<name>diatom</name>
<pose>Unspecified</pose>
<truncated>0</truncated>
<occluded>0</occluded>
<difficult>0</difficult>
<bndbox>
<xmin>205</xmin>
<ymin>287</ymin>
<xmax>227</xmax>
<ymax>299</ymax>
</bndbox>
</object>
<object>
<name>diatom</name>
<pose>Unspecified</pose>
<truncated>0</truncated>
<occluded>0</occluded>
<difficult>0</difficult>
<bndbox>
<xmin>322</xmin>
<ymin>314</ymin>
<xmax>341</xmax>
<ymax>331</ymax>
</bndbox>
</object>
<object>
<name>diatom</name>
<pose>Unspecified</pose>
<truncated>0</truncated>
<occluded>0</occluded>
<difficult>0</difficult>
<bndbox>
<xmin>403</xmin>
<ymin>461</ymin>
<xmax>416</xmax>
<ymax>482</ymax>
</bndbox>
</object>
<object>
<name>diatom</name>
<pose>Unspecified</pose>
<truncated>0</truncated>
<occluded>0</occluded>
<difficult>0</difficult>
<bndbox>
<xmin>115</xmin>
<ymin>454</ymin>
<xmax>128</xmax>
<ymax>472</ymax>
</bndbox>
</object>
<object>
<name>diatom</name>
<pose>Unspecified</pose>
<truncated>0</truncated>
<occluded>0</occluded>
<difficult>0</difficult>
<bndbox>
<xmin>94</xmin>
<ymin>491</ymin>
<xmax>104</xmax>
<ymax>501</ymax>
</bndbox>
</object>
<object>
<name>diatom</name>
<pose>Unspecified</pose>
<truncated>0</truncated>
<occluded>0</occluded>
<difficult>0</difficult>
<bndbox>
<xmin>165</xmin>
<ymin>496</ymin>
<xmax>188</xmax>
<ymax>504</ymax>
</bndbox>
</object>
<object>
<name>diatom</name>
<pose>Unspecified</pose>
<truncated>0</truncated>
<occluded>0</occluded>
<difficult>0</difficult>
<bndbox>
<xmin>230</xmin>
<ymin>582</ymin>
<xmax>240</xmax>
<ymax>603</ymax>
</bndbox>
</object>
<object>
<name>diatom</name>
<pose>Unspecified</pose>
<truncated>0</truncated>
<occluded>0</occluded>
<difficult>0</difficult>
<bndbox>
<xmin>96</xmin>
<ymin>597</ymin>
<xmax>113</xmax>
<ymax>611</ymax>
</bndbox>
</object>
<object>
<name>diatom</name>
<pose>Unspecified</pose>
<truncated>0</truncated>
<occluded>0</occluded>
<difficult>0</difficult>
<bndbox>
<xmin>165</xmin>
<ymin>649</ymin>
<xmax>177</xmax>
<ymax>670</ymax>
</bndbox>
</object>
<object>
<name>diatom</name>
<pose>Unspecified</pose>
<truncated>0</truncated>
<occluded>0</occluded>
<difficult>0</difficult>
<bndbox>
<xmin>134</xmin>
<ymin>711</ymin>
<xmax>148</xmax>
<ymax>729</ymax>
</bndbox>
</object>
<object>
<name>diatom</name>
<pose>Unspecified</pose>
<truncated>0</truncated>
<occluded>0</occluded>
<difficult>0</difficult>
<bndbox>
<xmin>180</xmin>
<ymin>719</ymin>
<xmax>187</xmax>
<ymax>742</ymax>
</bndbox>
</object>
<object>
<name>diatom</name>
<pose>Unspecified</pose>
<truncated>0</truncated>
<occluded>0</occluded>
<difficult>0</difficult>
<bndbox>
<xmin>206</xmin>
<ymin>795</ymin>
<xmax>226</xmax>
<ymax>808</ymax>
</bndbox>
</object>
<object>
<name>diatom</name>
<pose>Unspecified</pose>
<truncated>0</truncated>
<occluded>0</occluded>
<difficult>0</difficult>
<bndbox>
<xmin>270</xmin>
<ymin>844</ymin>
<xmax>291</xmax>
<ymax>849</ymax>
</bndbox>
</object>
<object>
<name>diatom</name>
<pose>Unspecified</pose>
<truncated>0</truncated>
<occluded>0</occluded>
<difficult>0</difficult>
<bndbox>
<xmin>333</xmin>
<ymin>853</ymin>
<xmax>356</xmax>
<ymax>860</ymax>
</bndbox>
</object>
<object>
<name>diatom</name>
<pose>Unspecified</pose>
<truncated>0</truncated>
<occluded>0</occluded>
<difficult>0</difficult>
<bndbox>
<xmin>405</xmin>
<ymin>921</ymin>
<xmax>421</xmax>
<ymax>939</ymax>
</bndbox>
</object>
<object>
<name>diatom</name>
<pose>Unspecified</pose>
<truncated>0</truncated>
<occluded>0</occluded>
<difficult>0</difficult>
<bndbox>
<xmin>368</xmin>
<ymin>946</ymin>
<xmax>390</xmax>
<ymax>958</ymax>
</bndbox>
</object>
</annotation>