<?xml version="1.0"?>
<annotation>
<folder>data</folder>
<filename>data1_33.png</filename>
<path/>
<source>
<database>Unknown</database>
</source>
<size>
<width>1392</width>
<height>1040</height>
<depth>3</depth>
</size>
<segmented>0</segmented>
<object>
<name>diatom</name>
<pose>Unspecified</pose>
<truncated>0</truncated>
<occluded>0</occluded>
<difficult>0</difficult>
<bndbox>
<xmin>1107</xmin>
<ymin>86</ymin>
<xmax>1121</xmax>
<ymax>103</ymax>
</bndbox>
</object>
<object>
<name>diatom</name>
<pose>Unspecified</pose>
<truncated>0</truncated>
<occluded>0</occluded>
<difficult>0</difficult>
<bndbox>
<xmin>1263</xmin>
<ymin>231</ymin>
<xmax>1284</xmax>
<ymax>246</ymax>
</bndbox>
</object>
<object>
<name>diatom</name>
<pose>Unspecified</pose>
<truncated>0</truncated>
<occluded>0</occluded>
<difficult>0</difficult>
<bndbox>
<xmin>1253</xmin>
<ymin>377</ymin>
<xmax>1274</xmax>
<ymax>393</ymax>
</bndbox>
</object>
<object>
<name>diatom</name>
<pose>Unspecified</pose>
<truncated>0</truncated>
<occluded>0</occluded>
<difficult>0</difficult>
<bndbox>
<xmin>1178</xmin>
<ymin>309</ymin>
<xmax>1199</xmax>
<ymax>324</ymax>
</bndbox>
</object>
<object>
<name>diatom</name>
<pose>Unspecified</pose>
<truncated>0</truncated>
<occluded>0</occluded>
<difficult>0</difficult>
<bndbox>
<xmin>1182</xmin>
<ymin>209</ymin>
<xmax>1194</xmax>
<ymax>231</ymax>
</bndbox>
</object>
<object>
<name>diatom</name>
<pose>Unspecified</pose>
<truncated>0</truncated>
<occluded>0</occluded>
<difficult>0</difficult>
<bndbox>
<xmin>1151</xmin>
<ymin>220</ymin>
<xmax>1173</xmax>
<ymax>234</ymax>
</bndbox>
</object>
<object>
<name>diatom</name>
<pose>Unspecified</pose>
<truncated>0</truncated>
<occluded>0</occluded>
<difficult>0</difficult>
<bndbox>
<xmin>1125</xmin>
<ymin>220</ymin>
<xmax>1146</xmax>
<ymax>233</ymax>
</bndbox>
</object>
<object>
<name>diatom</name>
<pose>Unspecified</pose>
<truncated>0</truncated>
<occluded>0</occluded>
<difficult>0</difficult>
<bndbox>
<xmin>1024</xmin>
<ymin>205</ymin>
<xmax>1049</xmax>
<ymax>213</ymax>
</bndbox>
</object>
<object>
<name>diatom</name>
<pose>Unspecified</pose>
<truncated>0</truncated>
<occluded>0</occluded>
<difficult>0</difficult>
<bndbox>
<xmin>1008</xmin>
<ymin>163</ymin>
<xmax>1025</xmax>
<ymax>182</ymax>
</bndbox>
</object>
<object>
<name>diatom</name>
<pose>Unspecified</pose>
<truncated>0</truncated>
<occluded>0</occluded>
<difficult>0</difficult>
<bndbox>
<xmin>754</xmin>
<ymin>78</ymin>
<xmax>763</xmax>
<ymax>103</ymax>
</bndbox>
</object>
<object>
<name>diatom</name>
<pose>Unspecified</pose>
<truncated>0</truncated>
<occluded>0</occluded>
<difficult>0</difficult>
<bndbox>
<xmin>883</xmin>
<ymin>177</ymin>
<xmax>904</xmax>
<ymax>193</ymax>
</bndbox>
</object>
<object>
<name>diatom</name>
<pose>Unspecified</pose>
<truncated>0</truncated>
<occluded>0</occluded>
<difficult>0</difficult>
<bndbox>
<xmin>1214</xmin>
<ymin>469</ymin>
<xmax>1236</xmax>
<ymax>482</ymax>
</bndbox>
</object>
<object>
<name>diatom</name>
<pose>Unspecified</pose>
<truncated>0</truncated>
<occluded>0</occluded>
<difficult>0</difficult>
<bndbox>
<xmin>1082</xmin>
<ymin>361</ymin>
<xmax>1106</xmax>
<ymax>369</ymax>
</bndbox>
</object>
<object>
<name>diatom</name>
<pose>Unspecified</pose>
<truncated>0</truncated>
<occluded>0</occluded>
<difficult>0</difficult>
<bndbox>
<xmin>1080</xmin>
<ymin>494</ymin>
<xmax>1087</xmax>
<ymax>517</ymax>
</bndbox>
</object>
<object>
<name>diatom</name>
<pose>Unspecified</pose>
<truncated>0</truncated>
<occluded>0</occluded>
<difficult>0</difficult>
<bndbox>
<xmin>1053</xmin>
<ymin>451</ymin>
<xmax>1078</xmax>
<ymax>460</ymax>
</bndbox>
</object>
<object>
<name>diatom</name>
<pose>Unspecified</pose>
<truncated>0</truncated>
<occluded>0</occluded>
<difficult>0</difficult>
<bndbox>
<xmin>1006</xmin>
<ymin>262</ymin>
<xmax>1018</xmax>
<ymax>284</ymax>
</bndbox>
</object>
<object>
<name>diatom</name>
<pose>Unspecified</pose>
<truncated>0</truncated>
<occluded>0</occluded>
<difficult>0</difficult>
<bndbox>
<xmin>879</xmin>
<ymin>339</ymin>
<xmax>892</xmax>
<ymax>360</ymax>
</bndbox>
</object>
<object>
<name>diatom</name>
<pose>Unspecified</pose>
<truncated>0</truncated>
<occluded>0</occluded>
<difficult>0</difficult>
<bndbox>
<xmin>844</xmin>
<ymin>365</ymin>
<xmax>866</xmax>
<ymax>379</ymax>
</bndbox>
</object>
<object>
<name>diatom</name>
<pose>Unspecified</pose>
<truncated>0</truncated>
<occluded>0</occluded>
<difficult>0</difficult>
<bndbox>
<xmin>785</xmin>
<ymin>159</ymin>
<xmax>804</xmax>
<ymax>172</ymax>
</bndbox>
</object>
<object>
<name>diatom</name>
<pose>Unspecified</pose>
<truncated>0</truncated>
<occluded>0</occluded>
<difficult>0</difficult>
<bndbox>
<xmin>844</xmin>
<ymin>519</ymin>
<xmax>869</xmax>
<ymax>533</ymax>
</bndbox>
</object>
<object>
<name>diatom</name>
<pose>Unspecified</pose>
<truncated>0</truncated>
<occluded>0</occluded>
<difficult>0</difficult>
<bndbox>
<xmin>1227</xmin>
<ymin>830</ymin>
<xmax>1248</xmax>
<ymax>840</ymax>
</bndbox>
</object>
<object>
<name>diatom</name>
<pose>Unspecified</pose>
<truncated>0</truncated>
<occluded>0</occluded>
<difficult>0</difficult>
<bndbox>
<xmin>1185</xmin>
<ymin>854</ymin>
<xmax>1201</xmax>
<ymax>874</ymax>
</bndbox>
</object>
<object>
<name>diatom</name>
<pose>Unspecified</pose>
<truncated>0</truncated>
<occluded>0</occluded>
<difficult>0</difficult>
<bndbox>
<xmin>1195</xmin>
<ymin>920</ymin>
<xmax>1203</xmax>
<ymax>944</ymax>
</bndbox>
</object>
<object>
<name>diatom</name>
<pose>Unspecified</pose>
<truncated>0</truncated>
<occluded>0</occluded>
<difficult>0</difficult>
<bndbox>
<xmin>1154</xmin>
<ymin>864</ymin>
<xmax>1174</xmax>
<ymax>879</ymax>
</bndbox>
</object>
<object>
<name>diatom</name>
<pose>Unspecified</pose>
<truncated>0</truncated>
<occluded>0</occluded>
<difficult>0</difficult>
<bndbox>
<xmin>1160</xmin>
<ymin>897</ymin>
<xmax>1177</xmax>
<ymax>919</ymax>
</bndbox>
</object>
<object>
<name>diatom</name>
<pose>Unspecified</pose>
<truncated>0</truncated>
<occluded>0</occluded>
<difficult>0</difficult>
<bndbox>
<xmin>1099</xmin>
<ymin>937</ymin>
<xmax>1108</xmax>
<ymax>959</ymax>
</bndbox>
</object>
<object>
<name>diatom</name>
<pose>Unspecified</pose>
<truncated>0</truncated>
<occluded>0</occluded>
<difficult>0</difficult>
<bndbox>
<xmin>897</xmin>
<ymin>924</ymin>
<xmax>904</xmax>
<ymax>946</ymax>
</bndbox>
</object>
<object>
<name>diatom</name>
<pose>Unspecified</pose>
<truncated>0</truncated>
<occluded>0</occluded>
<difficult>0</difficult>
<bndbox>
<xmin>852</xmin>
<ymin>887</ymin>
<xmax>861</xmax>
<ymax>909</ymax>
</bndbox>
</object>
<object>
<name>diatom</name>
<pose>Unspecified</pose>
<truncated>0</truncated>
<occluded>0</occluded>
<difficult>0</difficult>
<bndbox>
<xmin>838</xmin>
<ymin>763</ymin>
<xmax>845</xmax>
<ymax>782</ymax>
</bndbox>
</object>
<object>
<name>diatom</name>
<pose>Unspecified</pose>
<truncated>0</truncated>
<occluded>0</occluded>
<difficult>0</difficult>
<bndbox>
<xmin>834</xmin>
<ymin>764</ymin>
<xmax>842</xmax>
<ymax>783</ymax>
</bndbox>
</object>
<object>
<name>diatom</name>
<pose>Unspecified</pose>
<truncated>0</truncated>
<occluded>0</occluded>
<difficult>0</difficult>
<bndbox>
<xmin>778</xmin>
<ymin>890</ymin>
<xmax>799</xmax>
<ymax>904</ymax>
</bndbox>
</object>
<object>
<name>diatom</name>
<pose>Unspecified</pose>
<truncated>0</truncated>
<occluded>0</occluded>
<difficult>0</difficult>
<bndbox>
<xmin>831</xmin>
<ymin>591</ymin>
<xmax>851</xmax>
<ymax>608</ymax>
</bndbox>
</object>
<object>
<name>diatom</name>
<pose>Unspecified</pose>
<truncated>0</truncated>
<occluded>0</occluded>
<difficult>0</difficult>
<bndbox>
<xmin>761</xmin>
<ymin>672</ymin>
<xmax>768</xmax>
<ymax>698</ymax>
</bndbox>
</object>
<object>
<name>diatom</name>
<pose>Unspecified</pose>
<truncated>0</truncated>
<occluded>0</occluded>
<difficult>0</difficult>
<bndbox>
<xmin>725</xmin>
<ymin>357</ymin>
<xmax>740</xmax>
<ymax>377</ymax>
</bndbox>
</object>
<object>
<name>diatom</name>
<pose>Unspecified</pose>
<truncated>0</truncated>
<occluded>0</occluded>
<difficult>0</difficult>
<bndbox>
<xmin>719</xmin>
<ymin>168</ymin>
<xmax>727</xmax>
<ymax>193</ymax>
</bndbox>
</object>
<object>
<name>diatom</name>
<pose>Unspecified</pose>
<truncated>0</truncated>
<occluded>0</occluded>
<difficult>0</difficult>
<bndbox>
<xmin>612</xmin>
<ymin>159</ymin>
<xmax>634</xmax>
<ymax>174</ymax>
</bndbox>
</object>
<object>
<name>diatom</name>
<pose>Unspecified</pose>
<truncated>0</truncated>
<occluded>0</occluded>
<difficult>0</difficult>
<bndbox>
<xmin>384</xmin>
<ymin>60</ymin>
<xmax>400</xmax>
<ymax>73</ymax>
</bndbox>
</object>
<object>
<name>diatom</name>
<pose>Unspecified</pose>
<truncated>0</truncated>
<occluded>0</occluded>
<difficult>0</difficult>
<bndbox>
<xmin>586</xmin>
<ymin>272</ymin>
<xmax>595</xmax>
<ymax>295</ymax>
</bndbox>
</object>
<object>
<name>diatom</name>
<pose>Unspecified</pose>
<truncated>0</truncated>
<occluded>0</occluded>
<difficult>0</difficult>
<bndbox>
<xmin>592</xmin>
<ymin>341</ymin>
<xmax>615</xmax>
<ymax>352</ymax>
</bndbox>
</object>
<object>
<name>diatom</name>
<pose>Unspecified</pose>
<truncated>0</truncated>
<occluded>0</occluded>
<difficult>0</difficult>
<bndbox>
<xmin>340</xmin>
<ymin>81</ymin>
<xmax>351</xmax>
<ymax>104</ymax>
</bndbox>
</object>
<object>
<name>diatom</name>
<pose>Unspecified</pose>
<truncated>0</truncated>
<occluded>0</occluded>
<difficult>0</difficult>
<bndbox>
<xmin>312</xmin>
<ymin>131</ymin>
<xmax>320</xmax>
<ymax>155</ymax>
</bndbox>
</object>
<object>
<name>diatom</name>
<pose>Unspecified</pose>
<truncated>0</truncated>
<occluded>0</occluded>
<difficult>0</difficult>
<bndbox>
<xmin>233</xmin>
<ymin>144</ymin>
<xmax>256</xmax>
<ymax>158</ymax>
</bndbox>
</object>
<object>
<name>diatom</name>
<pose>Unspecified</pose>
<truncated>0</truncated>
<occluded>0</occluded>
<difficult>0</difficult>
<bndbox>
<xmin>198</xmin>
<ymin>179</ymin>
<xmax>207</xmax>
<ymax>200</ymax>
</bndbox>
</object>
<object>
<name>diatom</name>
<pose>Unspecified</pose>
<truncated>0</truncated>
<occluded>0</occluded>
<difficult>0</difficult>
<bndbox>
<xmin>329</xmin>
<ymin>251</ymin>
<xmax>352</xmax>
<ymax>260</ymax>
</bndbox>
</object>
<object>
<name>diatom</name>
<pose>Unspecified</pose>
<truncated>0</truncated>
<occluded>0</occluded>
<difficult>0</difficult>
<bndbox>
<xmin>323</xmin>
<ymin>312</ymin>
<xmax>342</xmax>
<ymax>332</ymax>
</bndbox>
</object>
<object>
<name>diatom</name>
<pose>Unspecified</pose>
<truncated>0</truncated>
<occluded>0</occluded>
<difficult>0</difficult>
<bndbox>
<xmin>529</xmin>
<ymin>499</ymin>
<xmax>550</xmax>
<ymax>516</ymax>
</bndbox>
</object>
<object>
<name>diatom</name>
<pose>Unspecified</pose>
<truncated>0</truncated>
<occluded>0</occluded>
<difficult>0</difficult>
<bndbox>
<xmin>544</xmin>
<ymin>542</ymin>
<xmax>551</xmax>
<ymax>566</ymax>
</bndbox>
</object>
<object>
<name>diatom</name>
<pose>Unspecified</pose>
<truncated>0</truncated>
<occluded>0</occluded>
<difficult>0</difficult>
<bndbox>
<xmin>584</xmin>
<ymin>596</ymin>
<xmax>599</xmax>
<ymax>616</ymax>
</bndbox>
</object>
<object>
<name>diatom</name>
<pose>Unspecified</pose>
<truncated>0</truncated>
<occluded>0</occluded>
<difficult>0</difficult>
<bndbox>
<xmin>592</xmin>
<ymin>750</ymin>
<xmax>602</xmax>
<ymax>774</ymax>
</bndbox>
</object>
<object>
<name>diatom</name>
<pose>Unspecified</pose>
<truncated>0</truncated>
<occluded>0</occluded>
<difficult>0</difficult>
<bndbox>
<xmin>566</xmin>
<ymin>862</ymin>
<xmax>574</xmax>
<ymax>886</ymax>
</bndbox>
</object>
<object>
<name>diatom</name>
<pose>Unspecified</pose>
<truncated>0</truncated>
<occluded>0</occluded>
<difficult>0</difficult>
<bndbox>
<xmin>560</xmin>
<ymin>904</ymin>
<xmax>585</xmax>
<ymax>915</ymax>
</bndbox>
</object>
<object>
<name>diatom</name>
<pose>Unspecified</pose>
<truncated>0</truncated>
<occluded>0</occluded>
<difficult>0</difficult>
<bndbox>
<xmin>502</xmin>
<ymin>721</ymin>
<xmax>515</xmax>
<ymax>741</ymax>
</bndbox>
</object>
<object>
<name>diatom</name>
<pose>Unspecified</pose>
<truncated>0</truncated>
<occluded>0</occluded>
<difficult>0</difficult>
<bndbox>
<xmin>484</xmin>
<ymin>870</ymin>
<xmax>506</xmax>
<ymax>878</ymax>
</bndbox>
</object>
<object>
<name>diatom</name>
<pose>Unspecified</pose>
<truncated>0</truncated>
<occluded>0</occluded>
<difficult>0</difficult>
<bndbox>
<xmin>385</xmin>
<ymin>488</ymin>
<xmax>399</xmax>
<ymax>511</ymax>
</bndbox>
</object>
<object>
<name>diatom</name>
<pose>Unspecified</pose>
<truncated>0</truncated>
<occluded>0</occluded>
<difficult>0</difficult>
<bndbox>
<xmin>301</xmin>
<ymin>476</ymin>
<xmax>315</xmax>
<ymax>497</ymax>
</bndbox>
</object>
<object>
<name>diatom</name>
<pose>Unspecified</pose>
<truncated>0</truncated>
<occluded>0</occluded>
<difficult>0</difficult>
<bndbox>
<xmin>172</xmin>
<ymin>494</ymin>
<xmax>195</xmax>
<ymax>503</ymax>
</bndbox>
</object>
<object>
<name>diatom</name>
<pose>Unspecified</pose>
<truncated>0</truncated>
<occluded>0</occluded>
<difficult>0</difficult>
<bndbox>
<xmin>114</xmin>
<ymin>455</ymin>
<xmax>126</xmax>
<ymax>475</ymax>
</bndbox>
</object>
<object>
<name>diatom</name>
<pose>Unspecified</pose>
<truncated>0</truncated>
<occluded>0</occluded>
<difficult>0</difficult>
<bndbox>
<xmin>94</xmin>
<ymin>492</ymin>
<xmax>103</xmax>
<ymax>500</ymax>
</bndbox>
</object>
<object>
<name>diatom</name>
<pose>Unspecified</pose>
<truncated>0</truncated>
<occluded>0</occluded>
<difficult>0</difficult>
<bndbox>
<xmin>239</xmin>
<ymin>605</ymin>
<xmax>245</xmax>
<ymax>629</ymax>
</bndbox>
</object>
<object>
<name>diatom</name>
<pose>Unspecified</pose>
<truncated>0</truncated>
<occluded>0</occluded>
<difficult>0</difficult>
<bndbox>
<xmin>351</xmin>
<ymin>855</ymin>
<xmax>374</xmax>
<ymax>862</ymax>
</bndbox>
</object>
<object>
<name>diatom</name>
<pose>Unspecified</pose>
<truncated>0</truncated>
<occluded>0</occluded>
<difficult>0</difficult>
<bndbox>
<xmin>297</xmin>
<ymin>844</ymin>
<xmax>323</xmax>
<ymax>854</ymax>
</bndbox>
</object>
<object>
<name>diatom</name>
<pose>Unspecified</pose>
<truncated>0</truncated>
<occluded>0</occluded>
<difficult>0</difficult>
<bndbox>
<xmin>166</xmin>
<ymin>648</ymin>
<xmax>178</xmax>
<ymax>673</ymax>
</bndbox>
</object>
<object>
<name>diatom</name>
<pose>Unspecified</pose>
<truncated>0</truncated>
<occluded>0</occluded>
<difficult>0</difficult>
<bndbox>
<xmin>127</xmin>
<ymin>697</ymin>
<xmax>133</xmax>
<ymax>719</ymax>
</bndbox>
</object>
<object>
<name>diatom</name>
<pose>Unspecified</pose>
<truncated>0</truncated>
<occluded>0</occluded>
<difficult>0</difficult>
<bndbox>
<xmin>180</xmin>
<ymin>745</ymin>
<xmax>187</xmax>
<ymax>770</ymax>
</bndbox>
</object>
<object>
<name>diatom</name>
<pose>Unspecified</pose>
<truncated>0</truncated>
<occluded>0</occluded>
<difficult>0</difficult>
<bndbox>
<xmin>206</xmin>
<ymin>794</ymin>
<xmax>227</xmax>
<ymax>809</ymax>
</bndbox>
</object>
<object>
<name>diatom</name>
<pose>Unspecified</pose>
<truncated>0</truncated>
<occluded>0</occluded>
<difficult>0</difficult>
<bndbox>
<xmin>198</xmin>
<ymin>840</ymin>
<xmax>215</xmax>
<ymax>861</ymax>
</bndbox>
</object>
<object>
<name>diatom</name>
<pose>Unspecified</pose>
<truncated>0</truncated>
<occluded>0</occluded>
<difficult>0</difficult>
<bndbox>
<xmin>128</xmin>
<ymin>853</ymin>
<xmax>143</xmax>
<ymax>870</ymax>
</bndbox>
</object>
<object>
<name>diatom</name>
<pose>Unspecified</pose>
<truncated>0</truncated>
<occluded>0</occluded>
<difficult>0</difficult>
<bndbox>
<xmin>151</xmin>
<ymin>198</ymin>
<xmax>165</xmax>
<ymax>222</ymax>
</bndbox>
</object>
</annotation>